ticker,name,sector,country,eu_domicile,weight,size_decile,scope12_ghg,water,waste,report_year,employees,revenue_eur_m,omnibus_in_scope,source_url,notes,verification,n_metrics,scored
ASML,ASML HOLDING,Information Technology,Netherlands,True,4.774653124611066,10.0,Y,Y,Y,2025,,,Y,https://tracenable.com/company/asml-holding/ghg-emissions,"Tracenable, citing Annual Report 2025; well above Omnibus thresholds",tracenable,3,1
ROP,ROCHE PS PAR AG,Health Care,Switzerland,False,2.0731499489025618,10.0,Y,U,Y,2025,,,n/a,https://tracenable.com/company/roche-holding/ghg-emissions,"Tracenable, citing Sustainability Report 2025. Swiss",tracenable,2,1
SHELL,SHELL,Energy,United Kingdom,False,1.830021690331481,10.0,Y,U,Y,2025,,,n/a,https://tracenable.com/company/shell/ghg-emissions,"Tracenable, citing Annual Report 2025. UK",tracenable,2,1
NESN,NESTLE SA,Consumer Staples,Switzerland,False,1.5986758314327076,10.0,Y,Y,Y,2025,,,n/a,https://tracenable.com/company/nestle/ghg-emissions,"Tracenable, citing Non-financial report 2025. Swiss",tracenable,3,1
TTE,TOTALENERGIES,Energy,France,True,1.3112798654039377,10.0,Y,U,Y,2024,,,Y,https://tracenable.com/company/totalenergies/ghg-emissions,"Tracenable, citing Sustainable Development Report 2025",tracenable,2,1
ULVR,UNILEVER PLC,Consumer Staples,United Kingdom,False,0.9126920711047758,10.0,Y,Y,Y,2024,,,n/a,https://tracenable.com/company/unilever/ghg-emissions,"Tracenable, citing Annual Report 2024. UK",tracenable,3,1
SAN,SANOFI SA,Health Care,France,True,0.6135440648757161,10.0,Y,Y,Y,2024,,,Y,https://tracenable.com/company/sanofi/ghg-emissions,"Tracenable, citing ESG Report 2024",tracenable,3,1
ENEL,ENEL,Utilities,Italy,True,0.5213944653891179,10.0,Y,Y,Y,2025,,,Y,https://tracenable.com/company/enel/ghg-emissions,"Tracenable, citing Integrated Report 2025",tracenable,3,1
ENI,ENI,Energy,Italy,True,0.3775164448030663,10.0,Y,Y,Y,2025,,,Y,https://tracenable.com/company/eni/ghg-emissions,"Tracenable, citing Annual Report 2025",tracenable,3,1
ATCO A,ATLAS COPCO CLASS A,Industrials,Sweden,True,0.3653192788123878,10.0,Y,Y,Y,2024,,,Y,https://tracenable.com/company/atlas-copco/ghg-emissions,"Tracenable, citing Annual Report 2024",tracenable,3,1
SAND,SANDVIK,Industrials,Sweden,True,0.2582734273652183,9.0,Y,Y,Y,2025,,,Y,https://tracenable.com/company/sandvik/ghg-emissions,"Tracenable, citing Annual Report 2025; well above thresholds",tracenable,3,1
STMMI,STMICROELECTRONICS,Information Technology,France,True,0.253546820864134,9.0,Y,U,Y,2025,,,Y,https://tracenable.com/company/stmicroelectronics/ghg-emissions,"Tracenable, citing Integrated Report 2025; water tab absent though ST reports water (fab operator)",tracenable,2,1
GALD,GALDERMA GROUP N AG,Health Care,Switzerland,False,0.2530168578232546,9.0,Y,Y,Y,2024,,,n/a,https://tracenable.com/company/galderma-group/ghg-emissions,"Tracenable, citing ESG Report 2023 / Annual Report 2024. Swiss",tracenable,3,1
REP,REPSOL,Energy,Spain,True,0.2384004812224517,9.0,Y,U,Y,2025,,,Y,https://tracenable.com/company/repsol/ghg-emissions,"Tracenable, citing Consolidated Management Report 2025",tracenable,2,1
DSV,DSV,Industrials,Denmark,True,0.2289433763711171,9.0,Y,Y,Y,2024,,,Y,https://tracenable.com/company/dsv/ghg-emissions,"Tracenable, citing Annual Report 2024",tracenable,3,1
ORA,ORANGE SA,Communication,France,True,0.2238835007159906,9.0,Y,Y,Y,2025,,,Y,https://tracenable.com/company/orange/ghg-emissions,"Tracenable, citing URD 2025",tracenable,3,1
GIVN,GIVAUDAN SA,Materials,Switzerland,False,0.216253135925708,9.0,Y,U,Y,2025,,,n/a,https://tracenable.com/company/givaudan/ghg-emissions,"Tracenable, citing Integrated Report 2025. Swiss",tracenable,2,1
MT,ARCELORMITTAL SA,Materials,France,True,0.1867107445037751,9.0,Y,U,Y,2025,,,Y,https://tracenable.com/company/arcelormittal/ghg-emissions,"Tracenable, citing Sustainability Report 2025",tracenable,2,1
ML,MICHELIN,Consumer Discretionary,France,True,0.1781697210113917,9.0,Y,Y,Y,2025,,,Y,https://tracenable.com/company/michelin/ghg-emissions,"Tracenable, citing URD 2025",tracenable,3,1
DTG,DAIMLER TRUCK HOLDING E AG,Industrials,Germany,True,0.160783610205303,9.0,Y,U,Y,2025,,,Y,https://tracenable.com/company/daimler-truck-holding/ghg-emissions,"Tracenable, citing Integrated Report 2025",tracenable,2,1
IHG,INTERCONTINENTAL HOTELS GROUP PLC,Consumer Discretionary,United Kingdom,False,0.1584101468746265,8.0,Y,U,Y,2025,,,n/a,https://tracenable.com/company/intercontinental-hotels-group/ghg-emissions,"Tracenable, citing ESG Data Spreadsheet 2025; water tab absent though IHG data book has a water section (tracenable false negative). UK",tracenable,2,1
NXT,NEXT PLC,Consumer Discretionary,United Kingdom,False,0.1522353787163095,8.0,Y,U,Y,2025,,,n/a,https://tracenable.com/company/next/ghg-emissions,"Tracenable, citing Annual Report 2025. UK",tracenable,2,1
CAP,CAPGEMINI,Information Technology,France,True,0.1456024402186077,8.0,Y,Y,Y,2025,,,Y,https://tracenable.com/company/capgemini/ghg-emissions,"Tracenable, citing URD 2025",tracenable,3,1
SAAB B,SAAB CLASS B,Industrials,Sweden,True,0.1326993196005753,8.0,Y,U,Y,2025,,,Y,https://tracenable.com/company/saab/ghg-emissions,"Tracenable, citing Annual Report 2025",tracenable,2,1
ANTO,ANTOFAGASTA PLC,Materials,United Kingdom,False,0.1274204878332674,8.0,Y,U,Y,2024,,,n/a,https://tracenable.com/company/antofagasta/ghg-emissions,"Tracenable, citing Sustainability Report 2024. UK",tracenable,2,1
DSY,DASSAULT SYSTEMES,Information Technology,France,True,0.1218210856685858,8.0,Y,U,Y,2025,,,Y,https://tracenable.com/company/dassault-systemes/ghg-emissions,"Tracenable, citing URD 2025",tracenable,2,1
UMG,UNIVERSAL MUSIC GROUP,Communication,Netherlands,True,0.1217196333849982,8.0,Y,U,Y,2025,,,Y,https://tracenable.com/company/universal-music-group/ghg-emissions,"Tracenable, citing Annual Report 2025",tracenable,2,1
KPN,KONINKLIJKE KPN NV,Communication,Netherlands,True,0.1141591178632079,8.0,Y,Y,Y,2025,,,Y,https://tracenable.com/company/koninklijke-kpn/ghg-emissions,"Tracenable, citing Integrated Report 2025",tracenable,3,1
EDP,EDP ENERGIAS DE PORTUGAL,Utilities,Portugal,True,0.1090986991411821,8.0,Y,Y,Y,2024,,,Y,https://tracenable.com/company/edp/ghg-emissions,"Tracenable, citing Integrated Report 2024",tracenable,3,1
NESTE,NESTE,Energy,Finland,True,0.10474361391008,8.0,Y,Y,Y,2025,,,Y,https://tracenable.com/company/neste/ghg-emissions,"Tracenable, citing Annual Report 2025",tracenable,3,1
INF,INFORMA PLC,Communication,United Kingdom,False,0.102227478951449,7.0,Y,U,Y,2024,,,n/a,https://tracenable.com/company/informa/ghg-emissions,"Tracenable, citing Sustainability Data Spreadsheet 2024. UK",tracenable,2,1
BOL,BOLIDEN,Materials,Sweden,True,0.1016299349576704,7.0,Y,U,Y,2025,,,Y,https://tracenable.com/company/boliden/ghg-emissions,"Tracenable, citing Integrated Report 2025",tracenable,2,1
SOON,SONOVA HOLDING AG,Health Care,Switzerland,False,0.0999052726158343,7.0,Y,Y,Y,2025,,,n/a,https://tracenable.com/company/sonova-holding/ghg-emissions,"Tracenable, citing ESG Report 2025. Swiss",tracenable,3,1
KOG,KONGSBERG GRUPPEN,Industrials,Norway,True,0.0933838940120946,7.0,Y,U,Y,2025,,,Y,https://tracenable.com/company/kongsberg-gruppen/ghg-emissions,"Tracenable, citing Annual Report 2025. Norway (EEA)",tracenable,2,1
IAG,INTERNATIONAL AIRLINES GROUP,Industrials,Spain,True,0.0894756282600521,7.0,Y,Y,Y,2024,,,Y,https://tracenable.com/company/iag/ghg-emissions,"Tracenable, citing Consolidated Non-Financial Report 2024",tracenable,3,1
CCH,COCA COLA HBC AG,Consumer Staples,United Kingdom,False,0.0812817565212278,7.0,Y,Y,Y,2024,,,n/a,https://tracenable.com/company/coca-cola-hbc/ghg-emissions,"Tracenable, citing Integrated Report 2024. Swiss-domiciled, UK listed",tracenable,3,1
AKRBP,AKER BP,Energy,Norway,True,0.0750957916874663,7.0,Y,U,Y,2025,,,Y,https://tracenable.com/company/aker-bp/ghg-emissions,"Tracenable, citing Annual Report 2025. Norway (EEA)",tracenable,2,1
AKZA,AKZO NOBEL,Materials,Netherlands,True,0.0746461686426383,7.0,Y,Y,Y,2025,,,Y,https://tracenable.com/company/akzo-nobel/ghg-emissions,"Tracenable, citing Annual Report 2025",tracenable,3,1
SMIN,SMITHS GROUP PLC,Industrials,United Kingdom,False,0.0724776726148891,7.0,Y,U,Y,2025,,,n/a,https://tracenable.com/company/smiths-group/ghg-emissions,"Tracenable, citing Sustainability Report 2025. UK",tracenable,2,1
BVI,BUREAU VERITAS SA,Industrials,France,True,0.0718595160176556,7.0,Y,U,Y,2025,,,Y,https://tracenable.com/company/bureau-veritas/ghg-emissions,"Tracenable, citing URD 2025",tracenable,2,1
PSON,PEARSON PLC,Consumer Discretionary,United Kingdom,False,0.070741311275383,6.0,Y,U,Y,2025,,,n/a,https://tracenable.com/company/pearson/ghg-emissions,"Tracenable, citing ISAE Assurance Statement 2025. UK",tracenable,2,1
COLO B,COLOPLAST B,Health Care,Denmark,True,0.0654320860333084,6.0,Y,Y,Y,2025,,,Y,https://tracenable.com/company/coloplast/ghg-emissions,"Tracenable, citing Annual Report 2025",tracenable,3,1
STLAM,STELLANTIS,Consumer Discretionary,Italy,True,0.0649209990129403,6.0,Y,U,Y,2025,,,Y,https://tracenable.com/company/stellantis/ghg-emissions,"Tracenable, citing Annual Report 2025",tracenable,2,1
CNA,CENTRICA PLC,Utilities,United Kingdom,False,0.0622731353513968,6.0,Y,U,Y,2024,,,n/a,https://tracenable.com/company/centrica/ghg-emissions,"Tracenable, citing ESG Data Spreadsheet 2024. UK",tracenable,2,1
GTT,GAZTRANSPORT & TECHNIGAZ SA,Energy,France,True,0.0601886770209829,6.0,Y,Y,Y,2025,888,,N,https://tracenable.com/company/gaztransport-et-technigaz/ghg-emissions,"Tracenable, citing URD 2025. Employees 732-888 per tracenable profile -> below 1,000 Omnibus threshold",tracenable,3,1
SECU B,SECURITAS B,Industrials,Sweden,True,0.0581988739418103,6.0,Y,U,Y,2025,,,Y,https://tracenable.com/company/securitas/ghg-emissions,"Tracenable, citing Annual Report 2025",tracenable,2,1
EVO,EVOLUTION,Consumer Discretionary,Sweden,True,0.057680449362632,6.0,Y,N,N,2025,22475,2067,Y,https://tracenable.com/company/evolution/ghg-emissions,Tracenable: GHG only (Annual Report 2025). Source check partial: report summary shows no water/waste; full PDF https://mb.cision.com/Main/12069/4329954/4021102.pdf environmental pages not reachable in fetch,partial,1,0
FRO,FRONTLINE PLC,Energy,Norway,True,0.0564477020599405,6.0,Y,N,N,2024,85,,N,https://tracenable.com/company/frontline/ghg-emissions,"Tracenable: GHG only (ESG Report 2024). Source check partial: 2025 ESG report summary (sustainabilityreports.com/frontline/2025/esg-report) shows Scope 1 only, no water/waste. Cyprus-domiciled; 85 employees (seafarers are non-employee workers) per tracenable employee-count -> below Omnibus threshold",partial,1,0
DHER,DELIVERY HERO,Consumer Discretionary,Germany,True,0.0542609263300114,6.0,Y,N,N,2025,,,Y,https://tracenable.com/company/delivery-hero/ghg-emissions,Tracenable: GHG only (Annual Report 2025). Source check partial: sustainability statement overview and environmental webpage show no water or waste tonnage (packaging in units only),partial,1,0
LPP,LPP SA,Consumer Discretionary,Poland,True,0.0540480879768615,6.0,Y,U,Y,2024,,,Y,https://tracenable.com/company/lpp/ghg-emissions,"Tracenable, citing Annual Report 2024",tracenable,2,1
KCR,KONECRANES,Industrials,Finland,True,0.0517407711325228,5.0,Y,Y,Y,2024,16469,4200,Y,https://tracenable.com/company/konecranes/ghg-emissions,"Tracenable, citing Konecranes GRI Report 2024; water = consumption only. Headcount/revenue from 2025 report summary",tracenable,3,1
ORK,ORKLA,Consumer Staples,Norway,True,0.048825902640389,5.0,Y,U,Y,2025,,,Y,https://tracenable.com/company/orkla/ghg-emissions,"Tracenable, citing Annual Report 2025",tracenable,2,1
SCA B,SVENSKA CELLULOSA B,Materials,Sweden,True,0.0484864899321262,5.0,Y,Y,Y,2025,,,Y,https://tracenable.com/company/svenska-cellulosa-aktiebolaget/ghg-emissions,"Tracenable, citing Annual Report 2025",tracenable,3,1
KESKOB,KESKO CLASS B,Consumer Staples,Finland,True,0.0482124451644916,5.0,Y,U,Y,2025,,,Y,https://tracenable.com/company/kesko/ghg-emissions,"Tracenable, citing Annual Report 2025",tracenable,2,1
YAR,YARA INTERNATIONAL,Materials,Norway,True,0.0476381919792254,5.0,Y,U,Y,2025,,,Y,https://tracenable.com/company/yara-international/ghg-emissions,"Tracenable, citing Annual Report 2025. Norway (EEA)",tracenable,2,1
ABVX,ABIVAX SA,Health Care,France,True,0.0458852856640111,5.0,N,N,N,2024,,0,N,https://tracenable.com/company/abivax/ghg-emissions,"Tracenable: GHG not covered. URD 2025 (FY2024, https://ir.abivax.com/static-files/7e25504a-b0f1-447b-8ec9-802f105af84e) lists an environmental section but no quantities found in fetched text; Q1 2025 release shows no product revenue (pre-commercial biotech). Verification partial. Below Omnibus turnover threshold",partial,0,0
IDR,INDRA SISTEMAS SA,Information Technology,Spain,True,0.0448077268116917,5.0,Y,U,Y,2025,,,Y,https://tracenable.com/company/indra-sistemas/ghg-emissions,"Tracenable, citing Consolidated Non-Financial Report 2025",tracenable,2,1
EVK,EVONIK INDUSTRIES AG,Materials,Germany,True,0.0439721053377961,5.0,Y,Y,Y,2025,,,Y,https://tracenable.com/company/evonik-industries/ghg-emissions,"Tracenable, citing Annual Report 2025",tracenable,3,1
IMCD,IMCD NV,Industrials,Netherlands,True,0.0432710491582402,5.0,Y,U,Y,2025,,,Y,https://tracenable.com/company/imcd/ghg-emissions,"Tracenable, citing Annual Report 2025",tracenable,2,1
ELISA,ELISA,Communication,Finland,True,0.0414691023777607,5.0,Y,Y,Y,2025,,,Y,https://tracenable.com/company/elisa/ghg-emissions,"Tracenable, citing Annual Report 2025",tracenable,3,1
AM,DASSAULT AVIATION SA,Industrials,France,True,0.0398267402709349,4.0,Y,U,Y,2025,,,Y,https://tracenable.com/company/dassault-aviation/ghg-emissions,"Tracenable, citing Annual Report 2025; well above thresholds",tracenable,2,1
BTRW,BARRATT REDROW PLC,Consumer Discretionary,United Kingdom,False,0.0378171520862508,4.0,Y,U,Y,2025,,,n/a,https://tracenable.com/company/barratt-redrow/ghg-emissions,"Tracenable, citing Sustainability Data Spreadsheet 2025. UK",tracenable,2,1
CTEC,CONVATEC GROUP PLC,Health Care,United Kingdom,False,0.0377631654911714,4.0,Y,U,Y,2024,,,n/a,https://tracenable.com/company/convatec-group/ghg-emissions,"Tracenable, citing Annual Report 2024. UK",tracenable,2,1
GALE,GALENICA AG,Health Care,Switzerland,False,0.0347538825028952,4.0,Y,Y,Y,2024,,,n/a,https://tracenable.com/company/galenica/ghg-emissions,"Tracenable, citing Non-financial report 2024. Swiss",tracenable,3,1
LHA,DEUTSCHE LUFTHANSA AG,Industrials,Germany,True,0.0346866996166653,4.0,Y,U,Y,2024,,,Y,https://tracenable.com/company/deutsche-lufthansa/ghg-emissions,"Tracenable, citing Sustainability Data Spreadsheet 2024",tracenable,2,1
PSN,PERSIMMON PLC,Consumer Discretionary,United Kingdom,False,0.0344544925939745,4.0,Y,U,Y,2024,,,n/a,https://tracenable.com/company/persimmon/ghg-emissions,"Tracenable, citing Annual Report 2024. UK",tracenable,2,1
P911,DR ING HC F PORSCHE PRF AG,Consumer Discretionary,Germany,True,0.0343449908434392,4.0,Y,Y,Y,2025,,,Y,https://newsroom.porsche.com/assets/uploads/documents/ESG_Addendum_2025_Porsche_AG_EN.pdf,"Primary: ESG Addendum 2025 gives Scope 1+2 by site; Waste (p.43) and Water (p.45) sections listed in index, content truncated in fetch",primary,3,1
SW,SODEXO SA,Consumer Discretionary,France,True,0.0343327753557314,4.0,Y,N,Y,2025,,,Y,https://sodexo.publispeak.com/universal-registration-document-fiscal-2025/article/120/,"GHG on tracenable (URD 2025). Waste verified at source: URD Fiscal 2025 E5-5 total waste 234,609 t (tracenable false negative on waste). No water figures in sustainability chapter pages checked",primary,2,1
MOH,MOTOR OIL (HELLAS) CORINTH REFINER,Energy,Greece,True,0.0334972662472432,4.0,Y,Y,Y,2025,,,Y,https://tracenable.com/company/motor-oil-hellas/ghg-emissions,"Tracenable, citing Financial Report 2025",tracenable,3,1
RMV,RIGHTMOVE PLC,Communication,United Kingdom,False,0.0318295086789704,4.0,Y,Y,U,2024,,,n/a,https://tracenable.com/company/rightmove/ghg-emissions,"Tracenable, citing Annual Report 2024; GHG+water. UK",tracenable,2,1
ADEN,ADECCO GROUP AG,Industrials,Switzerland,False,0.031417143755918,3.0,Y,N,N,2024,,,n/a,https://tracenable.com/company/adecco-group/ghg-emissions,"GHG on tracenable (Annual Report 2024). Verified at source: ESG Factsheet 2024 states water not material; no waste figure -> unscored. Swiss, outside CSRD. Primary: https://www.adeccogroup.com/-/media/project/Adecco%20Group/adeccogroup/Investors/Adecco-Group-ESG-Factsheet-2024.pdf",primary,1,0
NDA,AURUBIS AG,Materials,Germany,True,0.0312222634467558,3.0,Y,U,Y,2025,,,Y,https://tracenable.com/company/aurubis/ghg-emissions,"Tracenable, citing ESG Data Spreadsheet 2025",tracenable,2,1
VK,VALLOUREC SA,Energy,France,True,0.030735934043157,3.0,Y,Y,Y,2025,,,Y,https://tracenable.com/company/vallourec/ghg-emissions,"Tracenable, citing URD 2025",tracenable,3,1
VALMT,VALMET CORP,Industrials,Finland,True,0.0298659467330715,3.0,Y,Y,Y,2025,,,Y,https://tracenable.com/company/valmet/ghg-emissions,"Tracenable, citing Financial Report 2025",tracenable,3,1
AKE,ARKEMA SA,Materials,France,True,0.0293498971677688,3.0,Y,U,Y,2025,,,Y,https://tracenable.com/company/arkema/ghg-emissions,"Tracenable, citing URD 2025",tracenable,2,1
BIM,BIOMERIEUX SA,Health Care,France,True,0.0292064343896373,3.0,Y,Y,Y,2025,,,Y,https://tracenable.com/company/biomerieux/ghg-emissions,"Tracenable, citing URD 2025",tracenable,3,1
EDPR,EDP RENEWABLES SA,Utilities,Portugal,True,0.0290447733009645,3.0,Y,U,Y,2024,,,Y,https://tracenable.com/company/edp-renovaveis/ghg-emissions,"Tracenable, citing Annual Report 2024 (GHG) and 2023 (waste)",tracenable,2,1
CDR,CD PROJEKT RED,Communication,Poland,True,0.0287403701361122,3.0,Y,Y,Y,2024,1261,203,N,https://tracenable.com/company/cd-projekt/ghg-emissions,"Tracenable, citing Management report 2024. FY2025 revenue PLN 866.9m (~EUR 203m at ~4.27 PLN/EUR), 1,261 employees (gameworldobserver.com, 20 Mar 2026) -> below EUR 450m turnover threshold",tracenable,3,1
TE,TECHNIP ENERGIES,Energy,France,True,0.0278784602377627,3.0,Y,U,Y,2025,,,Y,https://tracenable.com/company/technip-energies/ghg-emissions,"Tracenable, citing Annual Report 2025",tracenable,2,1
ELIS,ELIS SA,Industrials,France,True,0.0274080392354122,3.0,Y,Y,Y,2025,,,Y,https://tracenable.com/company/elis/ghg-emissions,"Tracenable, citing URD 2025",tracenable,3,1
GFC,GECINA SA,Real Estate,France,True,0.0252312301216986,2.0,Y,Y,Y,2025,442,,N,https://www.gecina.fr/sites/default/files/2026-07/epra_sustainability_reporting_2025.pdf,"Primary source (EPRA sustainability report 2025); tracenable tabs agree. 442 employees -> below 1,000 Omnibus threshold",primary,3,1
AYV,AYVENS SA,Industrials,France,True,0.0245242648896418,2.0,Y,U,Y,2024,,,Y,https://tracenable.com/company/ayvens/ghg-emissions,"Tracenable, citing URD 2024",tracenable,2,1
AAK,AAK,Consumer Staples,Sweden,True,0.022874142632365,2.0,Y,Y,Y,2025,,,Y,https://tracenable.com/company/aak/ghg-emissions,"Tracenable, citing Annual Report 2025",tracenable,3,1
INCH,INCHCAPE PLC,Consumer Discretionary,United Kingdom,False,0.0228242118422373,2.0,Y,N,N,2024,,,n/a,https://tracenable.com/company/inchcape/ghg-emissions,"GHG on tracenable (Annual Report 2024). Checked at source: 2024 investor summary has no water or waste quantities (circularity material, no tonnage) -> unscored. https://www.inchcape.com/~/media/files/i/inchcape/corp/sustainability/sustainability-reporting/2024-investor-summary.pdf. UK",partial,1,0
RAA,RATIONAL AG,Industrials,Germany,True,0.0228217024784181,2.0,Y,U,Y,2025,,,Y,https://tracenable.com/company/rational/ghg-emissions,"Tracenable, citing Annual Report 2025",tracenable,2,1
HIK,HIKMA PHARMACEUTICALS PLC,Health Care,United Kingdom,False,0.0221334547827938,2.0,Y,U,Y,2024,,,n/a,https://tracenable.com/company/hikma-pharmaceuticals/ghg-emissions,"Tracenable, citing Sustainability Report 2024. UK",tracenable,2,1
BC,BRUNELLO CUCINELLI,Consumer Discretionary,Italy,True,0.0218038917330138,2.0,Y,Y,Y,2025,,,Y,https://tracenable.com/company/brunello-cucinelli/ghg-emissions,"Tracenable, citing Financial Report 2025",tracenable,3,1
FLS,FLSMIDTH AND CO CLASS B,Industrials,Denmark,True,0.0216976153582152,2.0,Y,Y,Y,2025,,,Y,https://tracenable.com/company/flsmidth-and-co/ghg-emissions,"Tracenable, citing Annual Report 2025",tracenable,3,1
BAMNB,BAM GROEP KONINKLIJKE NV,Industrials,Netherlands,True,0.0216738425509597,2.0,Y,N,Y,2025,,,Y,https://corporatereporting.bam.com/verslag/6-sustainability-statement/63-environmental-information-1/resource-use-and-circular-economy-esrs-e5,"Primary: Annual Report 2025 E5 total waste 1,260.3 kt; E1-6 Scope 1+2 reported (intensity 5.9 t/EUR m and 76% reduction; absolute table beyond fetched text). No water section. Tracenable entry for 'bam' looked mismatched, not used",primary,2,1
SUN,SULZER AG,Industrials,Switzerland,False,0.0212729135928151,2.0,Y,Y,Y,2025,,,n/a,https://tracenable.com/company/sulzer/ghg-emissions,"Tracenable, citing Non-financial report 2025. Swiss",tracenable,3,1
MTO,MITIE GROUP PLC,Industrials,United Kingdom,False,0.0210804380987886,1.0,Y,U,Y,2025,76000,,n/a,https://tracenable.com/company/mitie-group/ghg-emissions,"Tracenable, citing Mitie ESG Report 2025/2026; water tab absent (unverified, scored either way: GHG+waste). UK, outside CSRD",tracenable,2,1
HTO,HELLENIC TELECOMMUNICATIONS ORGANI,Communication,Greece,True,0.0210797699643055,1.0,Y,Y,Y,2025,,,Y,https://tracenable.com/company/hellenic-telecommunications-organization/ghg-emissions,"Tracenable, citing Financial Report 2025",tracenable,3,1
IVG,IVECO GROUP NV,Industrials,Italy,True,0.020184676900106,1.0,Y,Y,Y,2025,,,Y,https://tracenable.com/company/iveco-group/ghg-emissions,"Tracenable, citing Annual Report 2025",tracenable,3,1
AAF,AIRTEL AFRICA PLC,Communication,United Kingdom,False,0.0198478902202679,1.0,Y,Y,U,2025,,,n/a,https://tracenable.com/company/airtel-africa/ghg-emissions,"Tracenable, citing Annual Report 2025; GHG+water. UK",tracenable,2,1
DLG,DELONGHI,Consumer Discretionary,Italy,True,0.0197470761721942,1.0,Y,Y,Y,2025,,,Y,https://tracenable.com/company/de-longhi/ghg-emissions,"Tracenable, citing Annual Report 2025",tracenable,3,1
KGX,KION GROUP AG,Industrials,Germany,True,0.0191589511354066,1.0,Y,U,Y,2025,,,Y,https://tracenable.com/company/kion-group/ghg-emissions,"Tracenable, citing Annual Report 2025",tracenable,2,1
LATO B,LATOUR INVESTMENT CLASS B,Industrials,Sweden,True,0.0188790741145844,1.0,Y,N,N,2025,10116,2500,Y,https://www.latour.se/~/media/Files/L/latour/documents/sustainability/Latour_Annual_report_2025.pdf,"Primary source: Annual Report 2025 marks water and waste topics not material -> unscored (CSRD materiality route). Net sales SEK 28,145m (~EUR 2.5bn at ~11.2 SEK/EUR)",primary,1,0
PUM,PUMA,Consumer Discretionary,Germany,True,0.0178836287752809,1.0,Y,Y,Y,2025,,,Y,https://tracenable.com/company/puma/ghg-emissions,"Tracenable, citing Annual Report 2025",tracenable,3,1
SCYR,SACYR,Industrials,Spain,True,0.0178050795906958,1.0,Y,U,Y,2025,,,Y,https://tracenable.com/company/sacyr/ghg-emissions,"Tracenable, citing Financial Report 2025",tracenable,2,1
COV,COVIVIO SA,Real Estate,France,True,0.0172352692359279,1.0,Y,U,Y,2024,959,,N,https://tracenable.com/company/covivio/ghg-emissions,"Tracenable, citing Sustainability Report 2024. Omnibus: average headcount 959 in 2025 (3,452 at period end incl. consolidated hotel staff), per URD 2025 via https://tracenable.com/company/covivio/employee-count -> below 1,000 on the average-employee test (borderline)",tracenable,2,1
