ticker,name,sector,country,market_value,weight,is_financial,eu_domicile,log_weight,size_decile
ASML,ASML HOLDING,Information Technology,Netherlands,488660275.6,4.774653124611066,False,True,1.5633213272334763,10.0
HSBA,HSBC HOLDINGS PLC,Financials,United Kingdom,223510770.32,2.1839025007348365,True,False,0.7811134143654723,
ROP,ROCHE PS PAR AG,Health Care,Switzerland,212175837.48,2.0731499489025618,False,False,0.729069165088762,10.0
NOVN,NOVARTIS AG,Health Care,Switzerland,190881406.8,1.8650840899410652,False,False,0.6233061405195751,10.0
SHELL,SHELL,Energy,United Kingdom,187292957.25,1.830021690331481,False,False,0.6043278194232411,10.0
AZN,ASTRAZENECA PLC,Health Care,United Kingdom,174297076.58,1.7030401750611859,False,False,0.5324149921604768,10.0
NESN,NESTLE SA,Consumer Staples,Switzerland,163615942.77,1.5986758314327076,False,False,0.46917568123679826,10.0
SIE,SIEMENS N AG,Industrials,Germany,155634900.0,1.5206938208167518,False,True,0.41916669177517757,10.0
SAP,SAP,Information Technology,Germany,147630297.96,1.442481614812024,False,True,0.3663649739546133,10.0
SAN,BANCO SANTANDER,Financials,Spain,143968039.82,1.4066980384822045,True,True,0.34124514136965356,
TTE,TOTALENERGIES,Energy,France,134202498.84,1.3112798654039375,False,True,0.2710036567541706,10.0
ALV,ALLIANZ,Financials,Germany,123949367.1,1.211097489336371,True,True,0.19152696449868556,
SU,SCHNEIDER ELECTRIC,Industrials,France,114955289.1,1.1232172077379385,False,True,0.11619707445155902,10.0
RR.,ROLLS-ROYCE HOLDINGS PLC,Industrials,United Kingdom,107918443.52,1.0544608581560153,False,False,0.05302960138197143,10.0
ABBN,ABB LTD,Industrials,Switzerland,104383253.77,1.0199188549919451,False,False,0.019723070202132462,10.0
BBVA,BANCO BILBAO VIZCAYA ARGENTARIA SA,Financials,Spain,102242170.47,0.9989985334948778,True,True,-0.0010019683077563306,
IBE,IBERDROLA,Utilities,Spain,101481135.21,0.9915625302764116,False,True,-0.008473266670580216,10.0
UBSG,UBS GROUP AG,Financials,Switzerland,100587664.37,0.9828325115886497,True,False,-0.017316558307731492,
ULVR,UNILEVER PLC,Consumer Staples,United Kingdom,93409164.47,0.9126920711047758,False,False,-0.091356726793221,10.0
SAF,SAFRAN SA,Industrials,France,92633665.6,0.9051147453272067,False,True,-0.09969355290263349,10.0
UCG,UNICREDIT,Financials,Italy,91576232.48,0.8947826667798437,True,True,-0.1111744206089428,
ENR,SIEMENS ENERGY N AG,Industrials,Germany,91425381.2,0.8933087132555488,False,True,-0.11282305431368707,10.0
AIR,AIRBUS GROUP,Industrials,France,86437956.0,0.8445770554883915,False,True,-0.1689193029791811,10.0
NOVO B,NOVO NORDISK CLASS B,Health Care,Denmark,85621126.35,0.836595890586336,False,True,-0.17841413202729844,10.0
BP.,BP PLC,Energy,United Kingdom,85590365.16,0.8362953259215085,False,False,-0.1787734676076347,10.0
AI,LAIR LIQUIDE SOCIETE ANONYME POUR,Materials,France,83887438.28,0.8196561891744245,False,True,-0.19887030814150558,10.0
BATS,BRITISH AMERICAN TOBACCO,Consumer Staples,United Kingdom,81440942.82,0.7957517144796211,False,False,-0.22846805827670624,10.0
CFR,COMPAGNIE FINANCIERE RICHEMONT SA,Consumer Discretionary,Switzerland,78188608.3,0.7639734628934216,False,False,-0.26922222485156516,10.0
ISP,INTESA SANPAOLO,Financials,Italy,75991690.38,0.7425075866292572,True,True,-0.29772219067498124,
MC,LVMH,Consumer Discretionary,France,74613864.45,0.7290449803763404,False,True,-0.3160198474004753,10.0
BNP,BNP PARIBAS SA,Financials,France,74028973.0,0.7233300615897215,True,True,-0.3238896442738215,
DTE,DEUTSCHE TELEKOM N AG,Communication,Germany,72799830.11,0.7113202231940671,False,True,-0.34063256633224087,10.0
ZURN,ZURICH INSURANCE GROUP AG,Financials,Switzerland,72692564.06,0.7102721368110101,True,False,-0.34210709110100235,
OR,LOREAL SA,Consumer Staples,France,70055856.0,0.6845091128739643,False,True,-0.37905332115895973,10.0
RIO,RIO TINTO,Materials,United Kingdom,69852037.58,0.6825176224572093,False,False,-0.38196693180624086,10.0
INGA,ING GROEP,Financials,Netherlands,67740563.52,0.6618866100309677,True,True,-0.4126610216570347,
GSK,GLAXOSMITHKLINE,Health Care,United Kingdom,66704572.16,0.651764036883354,False,False,-0.42807268918011243,10.0
SAN,SANOFI SA,Health Care,France,62792961.92,0.6135440648757161,False,True,-0.4885031920222003,10.0
IFX,INFINEON TECHNOLOGIES AG,Information Technology,Germany,62288340.1,0.6086134530173006,False,True,-0.4965719369043891,10.0
CS,AXA SA,Financials,France,58093613.82,0.5676271810820622,True,True,-0.5662904471013539,
NG.,NATIONAL GRID PLC,Utilities,United Kingdom,55742484.18,0.5446545167536428,False,False,-0.60760359954096,10.0
LLOY,LLOYDS BANKING GROUP PLC,Financials,United Kingdom,54761197.66,0.535066459400088,True,False,-0.6253643166234559,
ABI,ANHEUSER-BUSCH INBEV SA,Consumer Staples,Belgium,54635837.62,0.5338415783598757,False,True,-0.627656153775175,10.0
BARC,BARCLAYS PLC,Financials,United Kingdom,53677035.2,0.5244732110111759,True,False,-0.6453609277386833,
ENEL,ENEL,Utilities,Italy,53361942.01,0.5213944653891179,False,True,-0.6512483924429523,10.0
BA.,BAE SYSTEMS PLC,Industrials,United Kingdom,52920273.31,0.5170789624849611,False,False,-0.6595596840568361,10.0
INVE B,INVESTOR CLASS B,Financials,Sweden,51812735.43,0.5062573150881594,True,True,-0.6807102111089239,
MUV2,MUENCHENER RUECKVERSICHERUNGS-GESE,Financials,Germany,51084507.6,0.4991418701511447,True,True,-0.694864914718611,
GLEN,GLENCORE PLC,Materials,United Kingdom,49877917.73,0.48735239517111717,False,False,-0.7187678135272623,10.0
NWG,NATWEST GROUP PLC,Financials,United Kingdom,48823517.11,0.47704994689313224,True,False,-0.7401340831077717,
DG,VINCI SA,Industrials,France,46724472.0,0.4565403765564493,False,True,-0.7840781347610465,10.0
ITX,INDUSTRIA DE DISENO TEXTIL SA,Consumer Discretionary,Spain,46438017.36,0.45374145548545375,False,True,-0.7902277244664322,10.0
NDA FI,NORDEA BANK,Financials,Finland,44949097.95,0.4391933653945993,True,True,-0.822815495015215,
DBK,DEUTSCHE BANK AG,Financials,Germany,44506072.55,0.43486460630364426,True,True,-0.832720546218429,
REL,RELX PLC,Industrials,United Kingdom,44050707.12,0.4304152739520023,False,False,-0.8430047829575429,10.0
DB1,DEUTSCHE BOERSE AG,Financials,Germany,42759087.0,0.41779497647806435,True,True,-0.8727644536800083,
AAL,ANGLO AMERICAN PLC,Materials,United Kingdom,41347078.25,0.4039983731386836,False,False,-0.9063444279135414,10.0
ARGX,ARGENX,Health Care,Belgium,40930388.8,0.3999269401129642,False,True,-0.9164733982742356,10.0
DHL,DHL AG,Industrials,Germany,40853268.0,0.3991734001035162,False,True,-0.9183593697721295,10.0
NOKIA,NOKIA,Information Technology,Finland,40640718.91,0.3970966031397039,False,True,-0.9235756950499799,10.0
ENI,ENI,Energy,Italy,38636794.16,0.37751644480306634,False,True,-0.9741411488496424,10.0
CPG,COMPASS GROUP PLC,Consumer Discretionary,United Kingdom,37841633.91,0.36974700954957174,False,False,-0.9949362651870937,10.0
GLE,SOCIETE GENERALE SA,Financials,France,37490835.36,0.36631939024736854,True,True,-1.004249675170147,
ATCO A,ATLAS COPCO CLASS A,Industrials,Sweden,37388479.29,0.3653192788123878,False,True,-1.0069835712863389,10.0
LSEG,LONDON STOCK EXCHANGE GROUP PLC,Financials,United Kingdom,36410488.94,0.3557634280227293,True,False,-1.0334892970527634,
EL,ESSILORLUXOTTICA SA,Health Care,France,36045103.5,0.3521932816042563,False,True,-1.043575158615156,10.0
BAS,BASF N,Materials,Germany,36003696.96,0.3517887022360079,False,True,-1.0447245613614682,10.0
SREN,SWISS RE AG,Financials,Switzerland,35606646.52,0.34790916011106954,True,False,-1.0558138674466033,
STAN,STANDARD CHARTERED PLC,Financials,United Kingdom,35341129.58,0.3453148193174546,True,False,-1.0632987582830866,
RMS,HERMES INTERNATIONAL,Consumer Discretionary,France,35243520.0,0.3443610853852934,False,True,-1.066064505306035,10.0
PRX,PROSUS NV CLASS N,Consumer Discretionary,Netherlands,35138184.8,0.3433318651541338,False,True,-1.0690577626858042,9.0
G,ASSICURAZIONI GENERALI,Financials,Italy,34980319.78,0.3417893810426838,True,True,-1.0735605765343306,
VOLV B,VOLVO CLASS B,Industrials,Sweden,34890973.44,0.34091638644346095,False,True,-1.0761180328108808,9.0
ENGI,ENGIE SA,Utilities,France,34766958.6,0.33970464922463933,False,True,-1.079678717643022,9.0
ASM,ASM INTERNATIONAL NV,Information Technology,Netherlands,34765935.4,0.33969465163465495,False,True,-1.0797081483179505,9.0
LONN,LONZA GROUP AG,Health Care,Switzerland,34068589.47,0.33288095080840896,False,False,-1.0999703580017222,9.0
RHM,RHEINMETALL AG,Industrials,Germany,33932263.2,0.33154891977678314,False,True,-1.1039799092730562,9.0
BAYN,BAYER AG,Health Care,Germany,33749964.96,0.3297677009941465,False,True,-1.1093668087825344,9.0
CABK,CAIXABANK SA,Financials,Spain,32911092.0,0.32157115300444583,True,True,-1.1345364440697254,
DGE,DIAGEO PLC,Consumer Staples,United Kingdom,32884427.42,0.3213106159267038,False,False,-1.1353469728624106,9.0
RACE,FERRARI,Consumer Discretionary,Italy,32653260.9,0.31905190982322884,False,True,-1.1424014627172632,9.0
RWE,RWE AG,Utilities,Germany,31824677.1,0.31095589623830117,False,True,-1.1681041895978614,9.0
RKT,RECKITT BENCKISER GROUP PLC,Consumer Staples,United Kingdom,29922638.18,0.2923712546662825,False,False,-1.2297308641939346,9.0
EOAN,E.ON N,Utilities,Germany,29698649.73,0.29018268480277937,False,True,-1.2372446067395242,9.0
BN,DANONE SA,Consumer Staples,France,29656684.86,0.2897726500451487,False,True,-1.238658628824721,9.0
PRY,PRYSMIAN,Industrials,Italy,29334178.5,0.286621471043356,False,True,-1.2495928499832873,9.0
LR,LEGRAND SA,Industrials,France,29279873.7,0.2860908640021288,False,True,-1.2514458123190948,9.0
HOLN,HOLCIM LTD AG,Materials,Switzerland,28644412.17,0.27988182976856196,False,False,-1.2733878014362234,9.0
HLN,HALEON PLC,Health Care,United Kingdom,27821105.11,0.271837374708824,False,False,-1.3025512785918176,9.0
SSE,SSE PLC,Utilities,United Kingdom,27711203.48,0.27076353632399713,False,False,-1.306509398694279,9.0
TSCO,TESCO PLC,Consumer Staples,United Kingdom,27523097.19,0.26892556763664127,False,False,-1.3133206379044056,9.0
VOD,VODAFONE GROUP PLC,Communication,United Kingdom,27258753.68,0.2663426923160672,False,False,-1.3229714823909813,9.0
SAND,SANDVIK,Industrials,Sweden,26432907.46,0.2582734273652183,False,True,-1.3537364592586099,9.0
EBS,ERSTE GROUP BANK AG,Financials,Austria,26063885.4,0.2546677478782455,True,True,-1.367795532897534,
STMMI,STMICROELECTRONICS,Information Technology,France,25949164.5,0.25354682086413405,False,True,-1.3722067753165257,9.0
GALD,GALDERMA GROUP N AG,Health Care,Switzerland,25894925.61,0.2530168578232546,False,False,-1.374299160761942,9.0
SDZ,SANDOZ GROUP AG,Health Care,Switzerland,25872581.96,0.2527985401420052,False,False,-1.3751623914808349,9.0
SWED A,SWEDBANK,Financials,Sweden,25550921.34,0.2496556247853976,True,True,-1.387672811604782,
SGO,COMPAGNIE DE SAINT GOBAIN SA,Industrials,France,25123642.0,0.24548071895064805,False,True,-1.4045368727110565,9.0
REP,REPSOL,Energy,Spain,24399017.44,0.23840048122245178,False,True,-1.433803325242427,9.0
SEB A,SKANDINAVISKA ENSKILDA BANKEN,Financials,Sweden,24070879.3,0.23519427463336215,True,True,-1.4473434057991788,
DANSKE,DANSKE BANK,Financials,Denmark,24046321.06,0.2349543184036339,True,True,-1.4483641735058892,
ASSA B,ASSA ABLOY B,Industrials,Sweden,23753013.19,0.23208843507344304,False,True,-1.4606367942872318,9.0
SIKA,SIKA AG,Materials,Switzerland,23725693.24,0.2318214944376986,False,False,-1.4617876239988843,9.0
DSV,DSV,Industrials,Denmark,23431133.21,0.22894337637111714,False,True,-1.4742805707578142,9.0
ORA,ORANGE SA,Communication,France,22913281.93,0.22388350071599064,False,True,-1.4966294485081058,9.0
ALC,ALCON AG,Health Care,Switzerland,22334776.13,0.21823097550881249,False,False,-1.522201256406308,9.0
MBG,MERCEDES-BENZ GROUP N AG,Consumer Discretionary,Germany,22279069.82,0.21768667444653467,False,True,-1.5246985232419326,9.0
GIVN,GIVAUDAN SA,Materials,Switzerland,22132354.8,0.216253135925708,False,False,-1.5313056318847353,9.0
AD,KONINKLIJKE AHOLD DELHAIZE,Consumer Staples,Netherlands,22129731.8,0.2162275068419228,False,True,-1.5314241531838677,9.0
ADYEN,ADYEN,Financials,Netherlands,21190032.0,0.2070457893782772,True,True,-1.5748153054529492,
III,3I GROUP PLC,Financials,United Kingdom,21176752.02,0.20691603195544614,True,False,-1.5754422107393482,
SLHN,SWISS LIFE HOLDING AG,Financials,Switzerland,21152946.84,0.20668343380342863,True,False,-1.5765669615951632,
EXPN,EXPERIAN PLC,Industrials,United Kingdom,21117186.32,0.2063340211601642,False,False,-1.5782589614001366,9.0
KBC,KBC GROEP,Financials,Belgium,21115125.0,0.206313880198293,True,True,-1.5783565795478158,
ADS,ADIDAS N AG,Consumer Discretionary,Germany,20558501.0,0.20087515997989533,False,True,-1.6050716585096172,9.0
ABN,ABN AMRO BANK NV,Financials,Netherlands,20529823.95,0.2005949592489908,True,True,-1.6064675321399609,
PRU,PRUDENTIAL PLC,Financials,United Kingdom,20223650.6,0.19760336853608668,True,False,-1.62149344656627,
EQNR,EQUINOR,Energy,Norway,19960225.11,0.19502946310171027,False,True,-1.6346046390024787,9.0
UCB,UCB SA,Health Care,Belgium,19710720.8,0.19259158019444367,False,True,-1.6471834971134602,9.0
VWS,VESTAS WIND SYSTEMS,Industrials,Denmark,19570101.67,0.19121760403562824,False,True,-1.6543432112870924,9.0
ERIC B,ERICSSON B,Information Technology,Sweden,19208656.92,0.18768596172473487,False,True,-1.6729851292109834,9.0
MT,ARCELORMITTAL SA,Materials,France,19108848.64,0.18671074450377512,False,True,-1.6781946805254284,9.0
BMPS,BANCA MONTE DEI PASCHI DI SIENA SP,Financials,Italy,18946668.98,0.1851261024548249,True,True,-1.6867180512204147,
AV.,AVIVA PLC,Financials,United Kingdom,18866787.34,0.184345586540048,True,False,-1.6909430952446654,
DNB,DNB BANK,Financials,Norway,18423215.2,0.18001148530449954,True,True,-1.7147346228803029,
PKO,POWSZECHNA KASA OSZCZEDNOSCI BANK,Financials,Poland,18413384.62,0.1799154316413363,True,True,-1.7152683627087024,
ML,MICHELIN,Consumer Discretionary,France,18234720.45,0.17816972101139178,False,True,-1.7250186941437353,9.0
A5G,AIB GROUP PLC,Financials,Ireland,18216994.38,0.17799652126559976,True,True,-1.7259912723327144,
PUB,PUBLICIS GROUPE,Communication,France,17832767.26,0.17424227458202035,False,True,-1.7473085655781688,9.0
AMS,AMADEUS IT GROUP,Consumer Discretionary,Spain,17725495.68,0.17319413416585885,False,True,-1.7533421508299782,9.0
IMB,IMPERIAL BRANDS PLC,Consumer Staples,United Kingdom,17213713.59,0.16819355998958038,False,False,-1.7826398199909097,9.0
FER,FERROVIAL NV,Industrials,Spain,17042501.08,0.1665206588215035,False,True,-1.7926359002525265,9.0
SAMPO,SAMPO CLASS A,Financials,Finland,16780714.06,0.16396276272182383,True,True,-1.80811593351343,
EQT,EQT,Financials,Sweden,16645381.74,0.1626404434812114,True,True,-1.8162133828998301,
DTG,DAIMLER TRUCK HOLDING E AG,Industrials,Germany,16455344.76,0.16078361020530302,False,True,-1.8276958540160748,9.0
HO,THALES SA,Industrials,France,16387755.6,0.1601232029446809,False,True,-1.8318117416561253,8.0
VIE,VEOLIA ENVIRON. SA,Utilities,France,16266897.24,0.15894230739203785,False,True,-1.839213989197615,8.0
KNEBV,KONE,Industrials,Finland,16241443.68,0.15869360307565517,False,True,-1.8407799605441204,8.0
SHB A,SVENSKA HANDELSBANKEN-A SHS,Financials,Sweden,16238597.32,0.1586657915625317,True,True,-1.8409552287962316,
IHG,INTERCONTINENTAL HOTELS GROUP PLC,Consumer Discretionary,United Kingdom,16212433.45,0.1584101468746265,False,False,-1.842567743101538,8.0
BPE,BPER BANCA,Financials,Italy,16027953.27,0.156607608563559,True,True,-1.8540119106314992,
GMAB,GENMAB,Health Care,Denmark,15974399.89,0.15608434357575837,False,True,-1.8573587538915224,8.0
NSIS B,NOVOZYMES B,Materials,Denmark,15769219.38,0.15407954430702733,False,True,-1.870286288445604,8.0
VACN,VAT GROUP AG,Industrials,Switzerland,15693318.43,0.1533379233360297,False,False,-1.8751111438149497,8.0
NXT,NEXT PLC,Consumer Discretionary,United Kingdom,15580478.87,0.15223537871630954,False,False,-1.8823274117078006,8.0
PKN,ORLEN,Energy,Poland,15568938.21,0.15212261602394334,False,True,-1.8830683989627726,8.0
HEIA,HEINEKEN NV,Consumer Staples,Netherlands,15541362.2,0.1518531734502675,False,True,-1.884841189122861,8.0
GEBN,GEBERIT AG,Industrials,Switzerland,15358661.74,0.15006802461422636,False,False,-1.896666590256586,8.0
NN,NN GROUP,Financials,Netherlands,15336737.4,0.1498538039711477,True,True,-1.8980951003488191,
RYA,RYANAIR HOLDINGS PLC,Industrials,Ireland,15332332.4,0.14981076313467273,False,True,-1.8983823604489147,8.0
HEXA B,HEXAGON CLASS B,Information Technology,Sweden,15083688.18,0.1473812840850778,False,True,-1.9147322809313563,8.0
ACS,ACS ACTIVIDADES DE CONSTRUCCION Y,Industrials,Spain,14983632.95,0.1464036539391311,False,True,-1.9213877191657642,8.0
CAP,CAPGEMINI,Information Technology,France,14901633.0,0.14560244021860774,False,True,-1.9268753836168093,8.0
MTX,MTU AERO ENGINES HOLDING AG,Industrials,Germany,14638061.2,0.14302710520312248,False,True,-1.9447211198089867,8.0
PST,POSTE ITALIANE,Financials,Italy,14523309.24,0.14190587470470206,True,True,-1.9525912953580844,
AENA,AENA SME SA,Industrials,Spain,14469908.8,0.1413841040791104,False,True,-1.9562749499500132,8.0
MRK,MERCK,Health Care,Germany,14365795.45,0.1403668224282112,False,True,-1.9634961228068142,8.0
ACA,CREDIT AGRICOLE SA,Financials,France,14303759.07,0.13976067085339192,True,True,-1.9678238131292762,
LDO,LEONARDO FINMECCANICA SPA,Industrials,Italy,14144237.25,0.13820199830655672,False,True,-1.979038908226646,8.0
DSFIR,DSM FIRMENICH AG,Materials,Netherlands,13993258.45,0.13672679879645758,False,True,-1.9897705135260428,8.0
FRE,FRESENIUS N,Health Care,Germany,13870721.53,0.1355295021935368,False,True,-1.998565933996177,8.0
LGEN,LEGAL AND GENERAL GROUP PLC,Financials,United Kingdom,13862404.1,0.1354482333752571,True,False,-1.9991657531698497,
BMW,BMW,Consumer Discretionary,Germany,13854099.78,0.13536709265354183,False,True,-1.9997649860517779,8.0
HEI,HEIDELBERG MATERIALS AG,Materials,Germany,13830281.05,0.13513436210576174,False,True,-2.0014857206438488,8.0
SGSN,SGS SA,Industrials,Switzerland,13618562.73,0.13306568251668688,False,False,-2.0169124191569696,8.0
HBAN,HELVETIA BALOISE HOLDING N AG,Financials,Switzerland,13593965.55,0.13282534580791838,True,False,-2.018720203163344,
SAAB B,SAAB CLASS B,Industrials,Sweden,13581067.44,0.13269931960057532,False,True,-2.0196694650077207,8.0
BIRG,BANK OF IRELAND GROUP PLC,Financials,Ireland,13500704.24,0.13191409840879212,True,True,-2.025604337868597,
SCMN,SWISSCOM AG,Communication,Switzerland,13495683.6,0.13186504221236994,False,False,-2.025976286892862,8.0
SAB,BANCO DE SABADELL,Financials,Spain,13427805.69,0.13120181360293237,True,True,-2.0310185793746056,
PHIA,KONINKLIJKE PHILIPS,Health Care,Netherlands,13409142.36,0.1310194559787307,False,True,-2.0324094478872206,8.0
ANTO,ANTOFAGASTA PLC,Materials,United Kingdom,13040807.17,0.1274204878332674,False,False,-2.0602627337556254,8.0
WKL,WOLTERS KLUWER,Industrials,Netherlands,12692730.7,0.12401946571611562,False,True,-2.087316744115842,8.0
DSY,DASSAULT SYSTEMES,Information Technology,France,12467738.23,0.12182108566858581,False,True,-2.105201821541718,8.0
UMG,UNIVERSAL MUSIC GROUP,Communication,Netherlands,12457355.13,0.12171963338499824,False,True,-2.106034965911581,8.0
HLMA,HALMA PLC,Information Technology,United Kingdom,12201504.07,0.11921973698649498,False,False,-2.126786959311772,8.0
CBK,COMMERZBANK AG,Financials,Germany,12135487.52,0.11857469554876705,True,True,-2.132212174805452,
HNR1,HANNOVER RUECK,Financials,Germany,12068506.0,0.11792022548085225,True,True,-2.137746938391885,
BAER,JULIUS BAER GRUPPE AG,Financials,Switzerland,12026680.33,0.11751155083319598,True,False,-2.1412186452661697,
KRX,KINGSPAN GROUP PLC,Industrials,Ireland,11785767.6,0.11515761543781168,False,True,-2.161453519966858,8.0
BT.A,BT GROUP PLC,Communication,United Kingdom,11707991.53,0.11439767284745174,False,False,-2.1680745424859005,8.0
KPN,KONINKLIJKE KPN NV,Communication,Netherlands,11683576.7,0.1141591178632079,False,True,-2.1701620330402585,8.0
EPI A,EPIROC CLASS A,Industrials,Sweden,11677226.78,0.11409707339820242,False,True,-2.1707056718891384,8.0
KER,KERING SA,Consumer Discretionary,France,11657032.0,0.1138997521215559,False,True,-2.1724365848127043,8.0
BAMI,BANCO BPM,Financials,Italy,11431086.3,0.11169205815426375,True,True,-2.1920096752174687,
NTGY,NATURGY ENERGY GROUP SA,Utilities,Spain,11411162.64,0.11149738596537775,False,True,-2.193754132613486,8.0
ALFA,ALFA LAVAL,Industrials,Sweden,11374528.74,0.11113943960911435,False,True,-2.1969696533500707,8.0
PGHN,PARTNERS GROUP HOLDING AG,Financials,Switzerland,11294193.24,0.11035448907139933,True,False,-2.2040574668041453,
SHL,SIEMENS HEALTHINEERS AG,Health Care,Germany,11246448.16,0.10988797643104424,False,True,-2.208293828188765,8.0
EDP,EDP ENERGIAS DE PORTUGAL,Utilities,Portugal,11165669.84,0.10909869914118214,False,True,-2.215502309759733,8.0
WRT1V,WARTSILA,Industrials,Finland,11156602.5,0.10901010302354243,False,True,-2.2163147127589076,8.0
VOW3,VOLKSWAGEN NON-VOTING PREF AG,Consumer Discretionary,Germany,11080012.24,0.10826174687002707,False,True,-2.223203401866644,8.0
ETE,NATIONAL BANK OF GREECE,Financials,Greece,10951283.55,0.10700395107072476,True,True,-2.234889519307351,
KRZ,KERRY GROUP PLC,Consumer Staples,Ireland,10817235.8,0.10569418324153355,False,True,-2.247205418447694,8.0
NESTE,NESTE,Energy,Finland,10719950.1,0.10474361391008005,False,True,-2.2562396870972363,8.0
TEF,TELEFONICA SA,Communication,Spain,10637969.82,0.10394259238325781,False,True,-2.2639165285616465,8.0
SGRO,SEGRO REIT PLC,Real Estate,United Kingdom,10515838.83,0.10274926208379907,False,False,-2.2754636072977705,8.0
INF,INFORMA PLC,Communication,United Kingdom,10462437.11,0.10222747895144901,False,False,-2.280554763072421,7.0
BOL,BOLIDEN,Materials,Sweden,10401281.67,0.10162993495767043,False,True,-2.286417151824102,7.0
ESSITY B,ESSITY CLASS B,Consumer Staples,Sweden,10391985.96,0.10153910745845848,False,True,-2.287311259550187,7.0
BESI,BE SEMICONDUCTOR INDUSTRIES NV,Information Technology,Netherlands,10292623.0,0.10056824141690827,False,True,-2.296918762838439,7.0
BG,BAWAG GROUP AG,Financials,Austria,10270963.3,0.1003566065461258,True,True,-2.2990253708681982,
SOON,SONOVA HOLDING AG,Health Care,Switzerland,10224771.68,0.09990527261583435,False,False,-2.3035328157831074,7.0
LOGN,LOGITECH INTERNATIONAL,Information Technology,Switzerland,10155574.83,0.09922915676897105,False,False,-2.3103233888350028,7.0
TRN,TERNA RETE ELETTRICA NAZIONALE,Utilities,Italy,10128559.06,0.09896518824710605,False,True,-2.3129871245528477,7.0
FBK,FINECOBANK BANCA FINECO,Financials,Italy,10116612.0,0.09884845465895245,True,True,-2.314167362679896,
KNIN,KUEHNE UND NAGEL INTERNATIONAL AG,Industrials,Switzerland,10013315.92,0.09783915847557333,False,False,-2.324430388666647,7.0
UPM,UPM-KYMMENE,Materials,Finland,9883499.72,0.09657073671938683,False,True,-2.3374795161685102,7.0
ENX,EURONEXT NV,Financials,France,9882502.8,0.09656099590878554,True,True,-2.3375803883605317,
ELE,ENDESA SA,Utilities,Spain,9821697.12,0.09596686938673578,False,True,-2.3437522576334886,7.0
UU.,UNITED UTILITIES GROUP PLC,Utilities,United Kingdom,9601380.22,0.09381417388944373,False,False,-2.36643932682219,7.0
KOG,KONGSBERG GRUPPEN,Industrials,Norway,9557343.37,0.09338389401209464,False,True,-2.3710363896009934,7.0
DPLM,DIPLOMA PLC,Industrials,United Kingdom,9518119.29,0.09300063925314775,False,False,-2.3751489121627443,7.0
SY1,SYMRISE AG,Materials,Germany,9424187.68,0.09208284241640761,False,True,-2.385066646057028,7.0
VNA,VONOVIA SE,Real Estate,Germany,9344423.0,0.09130346930667821,False,True,-2.393566493125302,7.0
RI,PERNOD RICARD SA,Consumer Staples,France,9282671.5,0.0907001012672721,False,True,-2.400196805353708,7.0
STMN,STRAUMANN HOLDING AG,Health Care,Switzerland,9219422.01,0.09008209650990207,False,False,-2.407033840995003,7.0
ADM,ADMIRAL GROUP PLC,Financials,United Kingdom,9181777.25,0.08971427313662184,True,False,-2.411125401766152,
IAG,INTERNATIONAL AIRLINES GROUP,Industrials,Spain,9157353.22,0.08947562826005212,False,True,-2.413789000727964,7.0
HEN3,HENKEL & KGAA PREF AG,Consumer Staples,Germany,8909742.84,0.08705625076287064,False,True,-2.4412008087649704,7.0
PEO,BANK PEKAO SA,Financials,Poland,8872974.41,0.08669698992675912,True,True,-2.445336114059474,
AGS,AGEAS,Financials,Belgium,8802985.0,0.08601313005143803,True,True,-2.453255319365552,
SRG,SNAM,Utilities,Italy,8780282.28,0.08579130393133429,False,True,-2.4558376304064122,7.0
MAERSK B,A P MOLLER MAERSK B,Industrials,Denmark,8779161.17,0.08578034967204248,False,True,-2.455965323519775,7.0
ITRK,INTERTEK GROUP PLC,Industrials,United Kingdom,8698899.11,0.08499611670958981,False,False,-2.4651497093049786,7.0
EUROB,EUROBANK SA,Financials,Greece,8689723.42,0.08490646191439459,True,True,-2.4662050764953154,
ALE,ALLEGRO SA,Consumer Discretionary,Poland,8668244.7,0.08469659538199693,False,True,-2.4686798743304004,7.0
CLNX,CELLNEX TELECOM,Communication,Spain,8668078.95,0.08469497585449508,False,True,-2.468698996031558,7.0
SCHP,SCHINDLER HOLDING PAR AG,Industrials,Switzerland,8653310.68,0.08455067649147847,False,False,-2.470404202587611,7.0
METSO,METSO CORPORATION,Industrials,Finland,8579141.16,0.08382597315850532,False,True,-2.4790123772906685,7.0
EN,BOUYGUES SA,Industrials,France,8551263.5,0.08355358319133965,False,True,-2.4822671380699255,7.0
CARL B,CARLSBERG AS CL B,Consumer Staples,Denmark,8454368.67,0.08260683301351907,False,True,-2.493662877742044,7.0
SGE,THE SAGE GROUP,Information Technology,United Kingdom,8407260.88,0.0821465472732042,False,False,-2.499250464923158,7.0
OMV,OMV,Energy,Austria,8372565.0,0.08180753712622688,False,True,-2.503385898710729,7.0
CCH,COCA COLA HBC AG,Consumer Staples,United Kingdom,8318754.16,0.08128175652122786,False,False,-2.509833684642021,7.0
TPEIR,PIRAEUS BANK SA,Financials,Greece,8313892.9,0.08123425761164278,True,True,-2.510418229016814,
BCP,BANCO COMERCIAL PORTUGUES SA,Financials,Portugal,8282421.96,0.08092675804699954,True,True,-2.514210755006671,
FORTUM,FORTUM,Utilities,Finland,8237450.97,0.08048735077646439,False,True,-2.5196552401159584,7.0
EDV,ENDEAVOUR MINING,Materials,United Kingdom,8231927.65,0.08043338294152252,False,False,-2.520325978257878,7.0
URW,UNIBAIL RODAMCO WE STAPLED UNITS,Real Estate,France,8183763.12,0.07996277189506994,False,True,-2.5261941039294054,7.0
ASRNL,ASR NEDERLAND,Financials,Netherlands,8161902.12,0.07974917014111324,True,True,-2.5288689431253895,
UNI,UNIPOL ASSICURAZIONI SPA,Financials,Italy,8152690.84,0.07965916759940947,True,True,-2.52999815070064,
SN.,SMITH AND NEPHEW PLC,Health Care,United Kingdom,8142696.68,0.07956151561160818,False,False,-2.5312247752581527,7.0
SPSN,SWISS PRIME SITE AG,Real Estate,Switzerland,8123796.93,0.07937684795004911,False,False,-2.5335485407798246,7.0
KGH,KGHM POLSKA MIEDZ SA,Materials,Poland,8038463.82,0.0785430662398538,False,True,-2.544108190107272,7.0
CA,CARREFOUR SA,Consumer Staples,France,8018935.13,0.07835225326531116,False,True,-2.54654055162349,7.0
BNZL,BUNZL,Industrials,United Kingdom,7934183.38,0.07752415196844004,False,False,-2.5571657528695133,7.0
G1A,GEA GROUP AG,Industrials,Germany,7844409.9,0.07664698382486032,False,True,-2.568545024407751,7.0
AKRBP,AKER BP,Energy,Norway,7685653.66,0.07509579168746632,False,True,-2.588990757901087,7.0
AKZA,AKZO NOBEL,Materials,Netherlands,7639637.14,0.07464616864263839,False,True,-2.594996080592193,7.0
BKT,BANKINTER,Financials,Spain,7590738.28,0.0741683825275255,True,True,-2.6014173311089754,
NHY,NORSK HYDRO,Materials,Norway,7556131.1,0.07383023905982067,False,True,-2.6059868879395927,7.0
FGR,EIFFAGE SA,Industrials,France,7491880.8,0.07320245548302895,False,True,-2.6145263137273647,7.0
MONC,MONCLER,Consumer Discretionary,Italy,7486473.6,0.07314962224557436,False,True,-2.6152483156363187,7.0
SMIN,SMITHS GROUP PLC,Industrials,United Kingdom,7417703.14,0.07247767261488917,False,False,-2.624476728484701,7.0
BVI,BUREAU VERITAS SA,Industrials,France,7354438.11,0.07185951601765561,False,True,-2.633042232392426,7.0
TELIA,TELIA COMPANY,Communication,Sweden,7316618.78,0.07148998693749152,False,True,-2.6381978819213745,6.0
ORNBV,ORION CLASS B,Health Care,Finland,7292131.0,0.07125071916572877,False,True,-2.641550366330229,6.0
AGN,AEGON,Financials,Netherlands,7279117.5,0.07112356549365907,True,True,-2.6433365555452344,
SOBI,SWEDISH ORPHAN BIOVITRUM,Health Care,Sweden,7273869.04,0.07107228328966239,False,True,-2.6440578453249124,6.0
MKS,MARKS AND SPENCER GROUP PLC,Consumer Staples,United Kingdom,7256727.54,0.0709047953217996,False,False,-2.6464172127269734,6.0
IMI,IMI PLC,Industrials,United Kingdom,7245050.53,0.07079070036653817,False,False,-2.6480276376648395,6.0
PSON,PEARSON PLC,Consumer Discretionary,United Kingdom,7239995.82,0.07074131127538304,False,False,-2.64872555882892,6.0
SVT,SEVERN TRENT PLC,Utilities,United Kingdom,7204114.71,0.07039072035868603,False,False,-2.653693837593095,6.0
PZU,PZU SA,Financials,Poland,7201078.28,0.07036105168965137,True,True,-2.654115411958267,
AC,ACCOR SA,Consumer Discretionary,France,7147866.18,0.06984112131630527,False,True,-2.661532312077026,6.0
ERF,EUROFINS SCIENTIFIC,Health Care,France,6905317.84,0.0674712045310125,False,True,-2.696054371663679,6.0
GALP,GALP ENERGIA SGPS SA CLASS B,Energy,Portugal,6798246.88,0.06642502435380986,False,True,-2.711681420700123,6.0
RTO,RENTOKIL INITIAL PLC,Industrials,United Kingdom,6796306.27,0.06640606283787985,False,False,-2.711966918868657,6.0
WISE,WISE PLC CLASS A,Financials,United Kingdom,6750706.89,0.06596051562835888,True,False,-2.718698964032651,
COLO B,COLOPLAST B,Health Care,Denmark,6696624.94,0.0654320860333084,False,True,-2.7267425286996683,6.0
STLAM,STELLANTIS,Consumer Discretionary,Italy,6644317.91,0.06492099901294038,False,True,-2.734584148084763,6.0
QIA,QIAGEN,Health Care,Germany,6562231.2,0.06411893756870019,False,True,-2.7470155207994535,6.0
ORSTED,ORSTED A/S,Utilities,Denmark,6497891.2,0.06349027754173098,False,True,-2.756868494384999,6.0
WEIR,WEIR PLC,Industrials,United Kingdom,6390784.0,0.062443743266931535,False,False,-2.77348923530909,6.0
BEAN,BELIMO N AG,Industrials,Switzerland,6387886.84,0.062415435391834646,False,False,-2.7739426721470704,6.0
CNA,CENTRICA PLC,Utilities,United Kingdom,6373323.19,0.062273135351396815,False,False,-2.7762251604516295,6.0
MOWI,MOWI,Consumer Staples,Norway,6362624.97,0.06216860406022923,False,True,-2.777905164544271,6.0
SKA B,SKANSKA B,Industrials,Sweden,6300737.67,0.061563909131925665,False,True,-2.787679470859189,6.0
SKF B,SKF B,Industrials,Sweden,6290862.07,0.06146741558261983,False,True,-2.7892480725029576,6.0
LISP,CHOCOLADEFABRIKEN LINDT & SPRUENGL,Consumer Staples,Switzerland,6274857.23,0.06131103381162142,False,False,-2.7917954553105346,6.0
CON,CONTINENTAL AG,Consumer Discretionary,Germany,6171496.4,0.060301104962144275,False,True,-2.8084048510032176,6.0
GTT,GAZTRANSPORT & TECHNIGAZ SA,Energy,France,6159990.0,0.06018867702098297,False,True,-2.8102710337108245,6.0
TEL,TELENOR,Communication,Norway,6157969.67,0.06016893656850726,False,True,-2.810599063688555,6.0
LI,KLEPIERRE REIT SA,Real Estate,France,6098495.8,0.059587823035430434,False,True,-2.8203040372713346,6.0
TEN,TENARIS SA,Energy,Italy,6096453.72,0.05956787006577123,False,True,-2.8206389431298193,6.0
TREL B,TRELLEBORG B,Industrials,Sweden,6095444.37,0.059558007802820945,False,True,-2.820804520301619,6.0
TEL2 B,TELE2 B,Communication,Sweden,6084286.39,0.05944898424037578,False,True,-2.8226367419395753,6.0
SDLF,STANDARD LIFE PLC,Financials,United Kingdom,6074565.45,0.05935400185923549,True,False,-2.8242357320743516,
RBI,RAIFFEISEN BANK INTERNATIONAL AG,Financials,Austria,6063692.25,0.059247760855113,True,True,-2.8260272911558983,
PNDORA,PANDORA,Consumer Discretionary,Denmark,6063669.84,0.0592475418891322,False,True,-2.826030986930764,6.0
MICC,MAGNUM ICE CREAM,Consumer Staples,Netherlands,6042134.51,0.05903712222580316,False,True,-2.829588842665775,6.0
RXL,REXEL SA,Industrials,France,5956772.8,0.058203061067725166,False,True,-2.8438173299624676,6.0
SECU B,SECURITAS B,Industrials,Sweden,5956344.27,0.058198873941810385,False,True,-2.843889272510781,6.0
EBP,ERSTE BANK POLSKA SA,Financials,Poland,5934287.17,0.05798335611338542,True,True,-2.8475992731799598,
HEIO,HEINEKEN HOLDING NV,Consumer Staples,Netherlands,5926923.75,0.057911408836173954,False,True,-2.848840870011109,6.0
EVO,EVOLUTION,Consumer Discretionary,Sweden,5903286.28,0.057680449362632086,False,True,-2.852836995421503,6.0
HSX,HISCOX LTD,Financials,United Kingdom,5866295.27,0.05731901371848819,True,False,-2.859122882756241,
BNR,BRENNTAG,Industrials,Germany,5848330.82,0.057143484784364984,False,True,-2.8621898972634017,6.0
MNG,M&G PLC,Financials,United Kingdom,5789176.28,0.05656549139437818,True,False,-2.8723561723899924,
FRO,FRONTLINE PLC,Energy,Norway,5777121.17,0.056447702059940555,False,True,-2.8744406967448795,6.0
STB,STOREBRAND,Financials,Norway,5743372.19,0.05611794398289699,True,True,-2.880299660504223,
INDU C,INDUSTRIVARDEN SERIES,Financials,Sweden,5742698.42,0.05611136064024279,True,True,-2.880416979999053,
ACLN,ACCELLERON N AG,Industrials,Switzerland,5706555.16,0.055758208280803016,False,False,-2.886730645743355,6.0
FME,FRESENIUS MEDICAL CARE AG,Health Care,Germany,5663853.78,0.05534097715393913,False,True,-2.89424164749809,6.0
ADDT B,ADDTECH CLASS B,Industrials,Sweden,5648065.22,0.055186708634271664,False,True,-2.8970331403036176,6.0
TLX,TALANX AG,Financials,Germany,5628450.0,0.05499505018332036,True,True,-2.9005120944665115,
HOT,HOCHTIEF AG,Industrials,Germany,5596396.8,0.05468186141153843,False,True,-2.9062232257976364,6.0
DHER,DELIVERY HERO,Consumer Discretionary,Germany,5553316.34,0.05426092633001145,False,True,-2.9139508998364168,6.0
LPP,LPP SA,Consumer Discretionary,Poland,5531533.47,0.05404808797686152,False,True,-2.9178811106038256,6.0
SPIE,SPIE SA,Industrials,France,5522791.02,0.05396266632854357,False,True,-2.919462835806592,6.0
EXO,EXOR NV,Financials,Netherlands,5511276.0,0.05385015416218126,True,True,-2.921550012576386,
KGF,KINGFISHER PLC,Consumer Discretionary,United Kingdom,5415126.08,0.052910682429195756,False,False,-2.9391500242245767,6.0
BEI,BEIERSDORF AG,Consumer Staples,Germany,5391956.8,0.05268429759566052,False,True,-2.9434378261698377,6.0
ALPHA,ALPHA BANK SA,Financials,Greece,5363822.46,0.052409399632602376,True,True,-2.94866932144065,
EDEN,EDENRED,Financials,France,5314066.43,0.05192323819086037,True,True,-2.9579888396779155,
PSPN,PSP SWISS PROPERTY AG,Real Estate,Switzerland,5307028.73,0.051854473492821816,False,False,-2.9593140704425345,6.0
LIFCO B,LIFCO CLASS B,Industrials,Sweden,5296003.23,0.05174674437986954,False,True,-2.961393759349531,5.0
KCR,KONECRANES,Industrials,Finland,5295391.9,0.05174077113252284,False,True,-2.9615091983437667,5.0
SBRY,SAINSBURY(J) PLC,Consumer Staples,United Kingdom,5259224.5,0.05138738290343663,False,False,-2.9683626054581507,5.0
DCC,DCC ENERGY PLC,Energy,United Kingdom,5243722.93,0.051235918535791854,False,False,-2.9713144589943723,5.0
PPC,PUBLIC POWER CORPORATION SA,Utilities,Greece,5240930.6,0.05120863494466492,False,True,-2.9718471098937136,5.0
SUBC,SUBSEA,Energy,Norway,5240495.06,0.051204379324706166,False,True,-2.9719302169088047,5.0
ALSYDB,AL SYDBANK,Financials,Denmark,5153211.54,0.05035154034371196,True,True,-2.9887260675603504,
MRO,MELROSE INDUSTRIES PLC,Industrials,United Kingdom,5035797.77,0.049204301552683724,False,False,-3.0117742293730525,5.0
ORK,ORKLA,Consumer Staples,Norway,4997070.66,0.04882590264038906,False,True,-3.0194943151319293,5.0
TKA,THYSSENKRUPP AG,Materials,Germany,4989548.27,0.04875240208241154,False,True,-3.0210008092668144,5.0
KBX,KNORR BREMSE AG,Industrials,Germany,4985900.0,0.04871675518286864,False,True,-3.0217322591353137,5.0
GAW,GAMES WORKSHOP GROUP PLC,Consumer Discretionary,United Kingdom,4985176.35,0.0487096844674736,False,False,-3.021877408961846,5.0
SPX,SPIRAX GROUP PLC,Industrials,United Kingdom,4971120.09,0.048572342086517964,False,False,-3.0247010029405,5.0
SCA B,SVENSKA CELLULOSA B,Materials,Sweden,4962333.58,0.04848648993212621,False,True,-3.026470077943704,5.0
NKT,NKT,Industrials,Denmark,4945425.18,0.04832127956221626,False,True,-3.029883244700062,5.0
ABF,ASSOCIATED BRITISH FOODS PLC,Consumer Staples,United Kingdom,4938399.91,0.04825263631652671,False,False,-3.0313048140052894,5.0
KESKOB,KESKO CLASS B,Consumer Staples,Finland,4934286.56,0.04821244516449167,False,True,-3.032138092819624,5.0
SRT3,SARTORIUS PREF AG,Health Care,Germany,4901780.0,0.0478948266552241,False,True,-3.0387477834204755,5.0
YAR,YARA INTERNATIONAL,Materials,Norway,4875514.81,0.04763819197922547,False,True,-3.044120486952724,5.0
STJ,ST JAMESS PLACE PLC,Financials,United Kingdom,4874812.74,0.0476313321199601,True,False,-3.0442644964739656,
RILBA,RINGKJOBING LANDBOBANK,Financials,Denmark,4787298.1,0.04677623488740491,True,True,-3.062380006584585,
ELI,ELIA GROUP SA,Utilities,Belgium,4779813.7,0.04670310552610793,False,True,-3.063944617029886,5.0
FRES,FRESNILLO PLC,Materials,United Kingdom,4778500.01,0.0466902695859334,False,False,-3.064219496061508,5.0
HM B,HENNES & MAURITZ,Consumer Discretionary,Sweden,4777114.43,0.04667673121539924,False,True,-3.064509499392724,5.0
DIM,SARTORIUS STEDIM BIOTECH SA,Health Care,France,4775966.4,0.046665513923345135,False,True,-3.0647498469886374,5.0
LTMC,LOTTOMATICA GROUP,Consumer Discretionary,Italy,4744995.97,0.04636290479435775,False,True,-3.07125560513185,5.0
EMSN,EMS-CHEMIE HOLDING AG,Materials,Switzerland,4698254.89,0.04590620214261124,False,False,-3.0811550481112118,5.0
ABVX,ABIVAX SA,Health Care,France,4696114.2,0.045885285664011115,False,True,-3.0816107870792133,5.0
TRYG,TRYG,Financials,Denmark,4690710.68,0.045832488383486886,True,True,-3.0827620859829294,
JYSK,JYSKE BANK,Financials,Denmark,4689455.88,0.04582022785190714,True,True,-3.083029629208193,
INDT,INDUTRADE,Industrials,Sweden,4627015.27,0.045210126584164304,False,True,-3.096434177764385,5.0
ICG,ICG PLC,Financials,United Kingdom,4617501.52,0.04511716863682861,True,False,-3.0984924256046504,
IDR,INDRA SISTEMAS SA,Information Technology,Spain,4585831.8,0.044807726811691734,False,True,-3.1053746809577754,5.0
SPM,SAIPEM,Energy,Italy,4571481.5,0.04466751139383323,False,True,-3.108508856075925,5.0
UHR,THE SWATCH GROUP AG,Consumer Discretionary,Switzerland,4546870.64,0.04442704101908446,False,False,-3.113906962967295,5.0
STERV,STORA ENSO CLASS R,Materials,Finland,4502407.41,0.04399259502326634,False,True,-3.123733954152821,5.0
EVK,EVONIK INDUSTRIES AG,Materials,Germany,4500310.4,0.043972105337796115,False,True,-3.1241998157031174,5.0
REC,RECORDATI INDUSTRIA CHIMICA E FARM,Health Care,Italy,4497633.0,0.04394594471677952,False,True,-3.124794929488568,5.0
ACKB,ACKERMANS & VAN HAAREN NV,Industrials,Belgium,4495285.2,0.04392300458604719,False,True,-3.125317073691623,5.0
AED,AEDIFICA NV,Real Estate,Belgium,4456082.4,0.04353995775195847,False,True,-3.1340761935032972,5.0
ALO,ALSTOM SA,Industrials,France,4443839.25,0.04342033109654678,False,True,-3.136827489122401,5.0
IMCD,IMCD NV,Industrials,Netherlands,4428561.04,0.04327104915824026,False,True,-3.140271478257682,5.0
SYENS,SYENSQO NV,Materials,Belgium,4410987.6,0.04309934074567666,False,True,-3.144247577913394,5.0
TPRO,TECHNOPROBE SPA,Information Technology,Italy,4383899.84,0.04283466881636154,False,True,-3.150407485208916,5.0
SSAB B,SSAB CLASS B,Materials,Sweden,4350280.03,0.04250617284711535,False,True,-3.1581059701370386,5.0
NIBE B,NIBE INDUSTRIER CLASS B,Industrials,Sweden,4343448.37,0.04243942134634065,False,True,-3.1596775999584152,5.0
ELISA,ELISA,Communication,Finland,4244141.4,0.04146910237776076,False,True,-3.1828066500567127,5.0
RNO,RENAULT SA,Consumer Discretionary,France,4239426.24,0.041423030997394514,False,True,-3.183918248545842,5.0
ISS,ISS A S,Industrials,Denmark,4207482.58,0.04111091253054504,False,True,-3.1914816810298463,5.0
ATS,AT & S AUSTRIA TECHNOLOGIE & SYSTE,Information Technology,Austria,4198596.0,0.041024082601691075,False,True,-3.1935960041891995,5.0
AMUN,AMUNDI SA,Financials,France,4175323.3,0.04079668726116191,True,True,-3.1991543954478443,
LAND,LAND SECURITIES GROUP REIT PLC,Real Estate,United Kingdom,4167649.04,0.04072170279584378,False,False,-3.2009940904274505,5.0
IPN,IPSEN SA,Health Care,France,4158310.0,0.040630451923318656,False,True,-3.2032374461470274,5.0
ZAL,ZALANDO,Consumer Discretionary,Germany,4154627.04,0.040594466071081685,False,True,-3.204123525332578,5.0
BAB,BABCOCK INTERNATIONAL GROUP PLC,Industrials,United Kingdom,4151543.21,0.04056433426115057,False,False,-3.204866064926368,4.0
G24,SCOUT24 N,Communication,Germany,4099212.0,0.04005301098029991,False,True,-3.21755142776185,4.0
BBY,BALFOUR BEATTY PLC,Industrials,United Kingdom,4091506.08,0.03997771716812983,False,False,-3.2194330508865403,4.0
SAVE,NORDNET,Financials,Sweden,4076753.25,0.03983356866788625,True,True,-3.2230452883157255,
AM,DASSAULT AVIATION SA,Industrials,France,4076054.4,0.03982674027093494,False,True,-3.2232167261888396,4.0
BGEO,LION FINANCE GROUP PLC,Financials,United Kingdom,4046365.07,0.03953664864832851,True,False,-3.2305272233465785,
BEIJ B,BEIJER REF CLASS B,Industrials,Sweden,4009510.9,0.03917655005482326,False,True,-3.239676924073602,4.0
LOTB,LOTUS BAKERIES NV,Consumer Staples,Belgium,4005680.0,0.039139118694902275,False,True,-3.2406328340050075,4.0
GBLB,GROUPE BRUXELLES LAMBERT NV,Financials,Belgium,3983440.5,0.038921818653407374,True,True,-3.2462002947651114,
ANA,ACCIONA,Utilities,Spain,3969192.8,0.0387826057304007,False,True,-3.2497834387895583,4.0
NEX,NEXANS SA,Industrials,France,3963796.2,0.038729876064539,False,True,-3.2511439854466793,4.0
IG,ITALGAS,Utilities,Italy,3957874.8,0.03867201862773926,False,True,-3.2526389733356877,4.0
ANDR,ANDRITZ AG,Industrials,Austria,3921142.1,0.03831310690606298,False,True,-3.261963224469888,4.0
MRL,MERLIN PROPERTIES REIT,Real Estate,Spain,3915869.76,0.03826159137285517,False,True,-3.263308722190088,4.0
BTRW,BARRATT REDROW PLC,Consumer Discretionary,United Kingdom,3870383.77,0.03781715208625086,False,False,-3.2749925203785053,4.0
CTEC,CONVATEC GROUP PLC,Health Care,United Kingdom,3864858.53,0.03776316549117142,False,False,-3.2764211093548816,4.0
WTB,WHITBREAD PLC,Consumer Discretionary,United Kingdom,3853588.24,0.03765304455838698,False,False,-3.279341463241019,4.0
CRDA,CRODA INTERNATIONAL PLC,Materials,United Kingdom,3831434.71,0.03743658452159395,False,False,-3.2851068569188113,4.0
SCR,SCOR,Financials,France,3816599.28,0.03729162894459831,True,True,-3.288986402597237,
MTLN,METLEN ENERGY & METALS PLC,Industrials,Greece,3814982.4,0.03727583056374027,False,True,-3.2894101365208166,4.0
BMED,BANCA MEDIOLANUM,Financials,Italy,3785656.3,0.036989288026952866,True,True,-3.297126921039887,
ABDN,ABERDEEN GROUP PLC,Financials,United Kingdom,3760524.76,0.03674373013739462,True,False,-3.303787676384847,
SB1NO,SPAREBANK SR-NORGE,Financials,Norway,3729598.64,0.03644155395720729,True,True,-3.3120455632293875,
VOE,VOESTALPINE AG,Materials,Austria,3715501.0,0.03630380725620321,False,True,-3.315832660120181,4.0
GETI B,GETINGE B,Health Care,Sweden,3714256.68,0.03629164912370775,False,True,-3.3161676158657727,4.0
HWDN,HOWDEN JOINERY GROUP PLC,Industrials,United Kingdom,3676614.36,0.0359238495914357,False,False,-3.326353870036789,4.0
AUTO,AUTOTRADER GROUP PLC,Communication,United Kingdom,3675465.18,0.03591262106284085,False,False,-3.326666483632196,4.0
JMT,JERONIMO MARTINS SA,Consumer Staples,Portugal,3673338.78,0.035891844210473006,False,True,-3.327245190064132,4.0
BLND,BRITISH LAND REIT,Real Estate,United Kingdom,3637016.12,0.03553693895067827,False,False,-3.3371825896589216,4.0
GET,GETLINK,Industrials,France,3627683.5,0.035445750807363174,False,True,-3.3397518975786302,4.0
WPP,WPP PLC,Communication,United Kingdom,3621142.64,0.03538184068575916,False,False,-3.34155656543764,4.0
EMG,MAN GROUP PLC,Financials,United Kingdom,3612220.09,0.03529465929745276,True,False,-3.3440236211788057,
SOI,SOITEC SA,Information Technology,France,3612141.0,0.03529388651657721,False,True,-3.344045516540629,4.0
SBMO,SBM OFFSHORE,Energy,Netherlands,3576423.46,0.034944893826809195,False,True,-3.35398292035186,4.0
GALE,GALENICA AG,Health Care,Switzerland,3556874.47,0.034753882502895295,False,False,-3.359463986510276,4.0
LHA,DEUTSCHE LUFTHANSA AG,Industrials,Germany,3549998.66,0.03468669961666534,False,True,-3.3613989618558477,4.0
SQN,SWISSQUOTE GROUP HOLDING SA,Financials,Switzerland,3549462.67,0.03468146250930048,True,False,-3.361549956410534,
PSN,PERSIMMON PLC,Consumer Discretionary,United Kingdom,3526233.51,0.03445449259397452,False,False,-3.3681158809110796,4.0
P911,DR ING HC F PORSCHE PRF AG,Consumer Discretionary,Germany,3515026.59,0.03434499084343921,False,True,-3.371299097921679,4.0
SW,SODEXO SA,Consumer Discretionary,France,3513776.4,0.03433277535573146,False,True,-3.371654831327484,4.0
GJF,GJENSIDIGE FORSIKRING,Financials,Norway,3512214.93,0.03431751838071885,True,True,-3.372099315230856,
MBK,MBANK SA,Financials,Poland,3508639.06,0.034282578894697116,True,True,-3.3731179577818327,
LMP,LONDONMETRIC PROPERTY REIT PLC,Real Estate,United Kingdom,3499422.44,0.0341925241763607,False,False,-3.375748250142628,4.0
ROR,ROTORK PLC,Industrials,United Kingdom,3490665.55,0.03410696143617471,False,False,-3.3782537678395617,4.0
GF,GEORG FISCHER AG,Industrials,Switzerland,3487712.57,0.03407810814916135,False,False,-3.3791000906169977,4.0
MYCR,MYCRONIC,Information Technology,Sweden,3451211.61,0.033721460737007145,False,True,-3.3896208271839274,4.0
MOH,MOTOR OIL (HELLAS) CORINTH REFINER,Energy,Greece,3428266.5,0.03349726624724321,False,True,-3.396291448040854,4.0
HAG,HENSOLDT AG,Industrials,Germany,3377618.14,0.03300238593385269,False,True,-3.4111754191034107,4.0
AVOL,AVOLTA AG,Consumer Discretionary,Switzerland,3366644.57,0.03289516422399648,False,False,-3.4144296160870837,4.0
AZA,AVANZA BANK HOLDING,Financials,Sweden,3347038.58,0.03270359595849822,True,True,-3.4202702389751902,
BRBY,BURBERRY GROUP PLC,Consumer Discretionary,United Kingdom,3346419.92,0.03269755109041795,False,False,-3.4204550940846263,4.0
VAR,VAR ENERGI,Energy,Norway,3331518.68,0.032551952490165,False,True,-3.424917927789681,4.0
NDX1,NORDEX,Industrials,Germany,3331288.16,0.03254970010114702,False,True,-3.4249871238524294,4.0
AIXA,AIXTRON,Information Technology,Germany,3321993.3,0.03245888090720429,False,True,-3.427781193546558,4.0
UMI,UMICORE SA,Materials,Belgium,3313028.34,0.03237128513481732,False,True,-3.430483510416639,4.0
RED,REDEIA CORPORACION SA,Utilities,Spain,3268658.16,0.03193774832170839,False,True,-3.4439666358090393,4.0
RMV,RIGHTMOVE PLC,Communication,United Kingdom,3257580.41,0.03182950867897046,False,False,-3.447361473592048,4.0
WDP,WAREHOUSES DE PAUW NV,Real Estate,Belgium,3249247.0,0.031748083721629065,False,True,-3.4499229106891676,4.0
VER,VERBUND AG,Utilities,Austria,3238607.5,0.03164412617800241,False,True,-3.4532027344082845,4.0
PAH3,PORSCHE AUTOMOBIL HOLDING PREF,Consumer Discretionary,Germany,3231804.04,0.03157765021674839,False,True,-3.455305680245727,3.0
ADEN,ADECCO GROUP AG,Industrials,Switzerland,3215377.06,0.03141714375591807,False,False,-3.4604015555726644,3.0
SOF,SOFINA SA,Financials,Belgium,3205238.4,0.03131807987234593,True,True,-3.4635597164966634,
NDA,AURUBIS AG,Materials,Germany,3195432.1,0.031222263446755813,False,True,-3.466623866626755,3.0
BCVN,BC VAUD N,Financials,Switzerland,3191108.69,0.03118001981841887,True,False,-3.467977779739531,
NEM,NEMETSCHEK,Information Technology,Germany,3190590.95,0.03117496103007005,False,True,-3.4681400374546674,3.0
CCC,COMPUTACENTER PLC,Information Technology,United Kingdom,3158550.39,0.030861895762527177,False,False,-3.4782330028734276,3.0
VK,VALLOUREC SA,Energy,France,3145658.88,0.030735934043157054,False,True,-3.4823228188732225,3.0
ZAB,ZABKA GROUP SOCIETE ANONYME SA,Consumer Staples,Poland,3119322.02,0.030478599086397894,False,True,-3.490730510952317,3.0
AALB,AALBERTS,Industrials,Netherlands,3106935.0,0.03035756669088549,False,True,-3.4947094781883306,3.0
FHZN,FLUGHAFEN ZUERICH AG,Industrials,Switzerland,3092545.42,0.030216967471879033,False,False,-3.4993516755553395,3.0
ZEG,ZEGONA COMMUNICATIONS PLC,Communication,United Kingdom,3075873.68,0.030054069484343696,False,False,-3.504757203398055,3.0
SIGN,SIG GROUP N AG,Materials,Switzerland,3073349.54,0.030029406352225663,False,False,-3.505578165672951,3.0
CAST,CASTELLUM,Real Estate,Sweden,3071149.53,0.030007910263541604,False,True,-3.5062942566248574,3.0
DEMANT,DEMANT,Health Care,Denmark,3060830.08,0.029907079898056563,False,True,-3.5096600407266707,3.0
VALMT,VALMET CORP,Industrials,Finland,3056620.32,0.02986594673307158,False,True,-3.5110363528793687,3.0
LUND B,LUNDBERGFORETAGEN CLASS B,Financials,Sweden,3054262.51,0.02984290879558031,True,True,-3.51180802865277,
IGG,IG GROUP HOLDINGS PLC,Financials,United Kingdom,3033732.75,0.029642314461180694,True,False,-3.518552395867942,
SECT B,SECTRA CLASS B,Health Care,Sweden,3023002.36,0.029537468839999623,False,True,-3.5220956913998536,3.0
BARN,BARRY CALLEBAUT AG,Consumer Staples,Switzerland,3020268.7,0.029510758507868374,False,False,-3.523000386939508,3.0
RS1,RS GROUP PLC,Industrials,United Kingdom,3011951.49,0.02942949183918779,False,False,-3.5257579836480506,3.0
AKE,ARKEMA SA,Materials,France,3003805.4,0.029349897167768868,False,True,-3.5284662363677004,3.0
DIE,DIETEREN (D) SA,Consumer Discretionary,Belgium,2996309.5,0.02927665544106451,False,True,-3.5309648231529973,3.0
AZM,AZIMUT HOLDING,Financials,Italy,2993250.75,0.0292467686854305,True,True,-3.5319861836997593,
BIM,BIOMERIEUX SA,Health Care,France,2989122.75,0.029206434389637388,False,True,-3.5333662381731767,3.0
EDPR,EDP RENEWABLES SA,Utilities,Portugal,2972577.6,0.02904477330096456,False,True,-3.5389167326648625,3.0
MAP,MAPFRE SA,Financials,Spain,2970166.64,0.02902121603987315,True,True,-3.5397281288935765,
SALM,SALMAR,Consumer Staples,Norway,2966501.45,0.02898540381661783,False,True,-3.5409628923703655,3.0
INVP,INVESTEC PLC,Financials,United Kingdom,2949313.72,0.0288174641398174,True,False,-3.5467736818789706,
CDR,CD PROJEKT RED,Communication,Poland,2941423.56,0.02874037013611222,False,True,-3.549452519635058,3.0
UNI,UNICAJA BANCO SA,Financials,Spain,2921712.48,0.028547775046208704,True,True,-3.5561762777485297,
TEMN,TEMENOS AG,Information Technology,Switzerland,2919660.49,0.02852772524688106,False,False,-3.556878848906011,3.0
LAGR B,LAGERCRANTZ GROUP CLASS B,Information Technology,Sweden,2901040.7,0.0283457930478826,False,True,-3.5632766531925095,3.0
BKG,BERKELEY GROUP HOLDINGS (THE),Consumer Discretionary,United Kingdom,2898732.7,0.028323241799168817,False,False,-3.5640725463982106,3.0
ALK B,ALK-ABELLO CLASS B,Health Care,Denmark,2897824.13,0.028314364248023284,False,True,-3.564386032501802,3.0
LEG,LEG IMMOBILIEN N,Real Estate,Germany,2884781.88,0.028186929662435172,False,True,-3.5688968956291265,3.0
OCTV SDB,OCTAVE INTELLIGENCE SDR PLC,Information Technology,Sweden,2874881.14,0.02809019047257793,False,True,-3.572334857092323,3.0
ENG,ENAGAS SA,Utilities,Spain,2863972.72,0.02798360533718173,False,True,-3.576136463964942,3.0
TE,TECHNIP ENERGIES,Energy,France,2853211.68,0.027878460237762758,False,True,-3.579900922815709,3.0
A2A,A2A,Utilities,Italy,2840711.02,0.027756317476607444,False,True,-3.5842918078848913,3.0
TEP,TELEPERFORMANCE,Industrials,France,2833371.92,0.027684607827805303,False,True,-3.586878694319357,3.0
GEKTERNA,GEK TERNA,Industrials,Greece,2809758.0,0.027453878459075917,False,True,-3.595247829237725,3.0
ELIS,ELIS SA,Industrials,France,2805066.6,0.027408039235412202,False,True,-3.5969189058700124,3.0
DNP,DINO POLSKA,Consumer Staples,Poland,2775217.04,0.027116382020699444,False,True,-3.6076172311257486,3.0
RAND,RANDSTAD HOLDING,Industrials,Netherlands,2755785.24,0.026926515749141157,False,True,-3.6146437622914758,3.0
BBOX,TRITAX BIG BOX REIT PLC,Real Estate,United Kingdom,2747245.46,0.026843074370137252,False,False,-3.617747429096434,3.0
CPR,DAVIDE CAMPARI MILANO NV,Consumer Staples,Italy,2744603.93,0.026817264231482608,False,True,-3.6187094111232962,3.0
ADP,AEROPORTS DE PARIS SA,Industrials,France,2739828.8,0.026770606889944194,False,True,-3.620450751182224,3.0
KBCA,KBC ANCORA NV,Financials,Belgium,2734039.9,0.026714044098055445,True,True,-3.6225658556815827,
JMAT,JOHNSON MATTHEY PLC,Materials,United Kingdom,2733088.45,0.026704747570504003,False,False,-3.6229139177531837,3.0
ING,ING BANK SLASKI SA,Financials,Poland,2724560.31,0.026621419924834168,True,True,-3.626039126910523,
GL9,GLANBIA PLC,Consumer Staples,Ireland,2695577.5,0.026338231642020316,False,True,-3.6367337207589703,3.0
TUB,FINANCIERE DE TUBIZE SA,Health Care,Belgium,2691808.0,0.02630140021566563,False,True,-3.6381331010762463,3.0
BFT,BENEFIT SYSTEMS,Industrials,Poland,2677667.11,0.026163230923020794,False,True,-3.643400253787724,3.0
LOOMIS,LOOMIS CLASS B,Industrials,Sweden,2661520.53,0.02600546422394929,False,True,-3.649448600582103,3.0
MNDI,MONDI PLC,Materials,United Kingdom,2658134.81,0.02597238267551115,False,False,-3.6507215102879997,3.0
BGN,BANCA GENERALI,Financials,Italy,2635342.05,0.025749676783122233,True,True,-3.659333204062928,
MANTA,MANDATUM,Financials,Finland,2614635.32,0.025547353291666776,True,True,-3.6672215570654223,
DRX,DRAX GROUP PLC,Utilities,United Kingdom,2606657.75,0.02546940521315654,False,False,-3.6702773427111652,3.0
ALLN,ALLREAL HOLDING AG,Real Estate,Switzerland,2585006.27,0.025257850659213064,False,False,-3.6786182543889465,2.0
GFC,GECINA SA,Real Estate,France,2582281.8,0.02523123012169866,False,True,-3.6796727612078257,2.0
ROSE,ROSEBANK INDUSTRIES PLC,Industrials,United Kingdom,2559924.24,0.02501277652716081,False,False,-3.6883685235747445,2.0
EVD,CTS EVENTIM AG,Communication,Germany,2537393.4,0.024792629830206518,False,True,-3.6972088542450616,2.0
SRP,SERCO GROUP PLC,Industrials,United Kingdom,2536659.29,0.024785456911145306,False,False,-3.697498212692824,2.0
IFCN,INFICON HOLDING AG,Information Technology,Switzerland,2531232.31,0.024732430405190048,False,False,-3.6996399246719958,2.0
HUBN,HUBER & SUHNER AG,Industrials,Switzerland,2519708.86,0.024619835870098684,False,False,-3.7042028247753183,2.0
AYV,AYVENS SA,Industrials,France,2509927.68,0.024524264889641885,False,True,-3.7080922478987186,2.0
PIRC,PIRELLI & C,Consumer Discretionary,Italy,2495800.61,0.02438623063090399,False,True,-3.713736624376115,2.0
AKER,AKER,Industrials,Norway,2482948.95,0.024260658282097666,False,True,-3.7188992413703237,2.0
TW.,TAYLOR WIMPEY PLC,Consumer Discretionary,United Kingdom,2466363.72,0.024098605575552896,False,False,-3.7256013000950428,2.0
MIL,BANK MILLENNIUM SA,Financials,Poland,2462032.94,0.024056289935646184,True,True,-3.7273587808391846,
CVC,CVC CAPITAL PARTNERS PLC,Financials,Netherlands,2417705.49,0.023623170633307423,True,True,-3.7455272421112564,
BZU,BUZZI,Materials,Italy,2417609.1,0.023622228815775564,False,True,-3.7455671112855238,2.0
IP,INTERPUMP GROUP,Industrials,Italy,2414535.84,0.02359220028431017,False,True,-3.7468391180040883,2.0
SAGA B,SAGAX CLASS B,Real Estate,Sweden,2395778.91,0.023408928103401568,False,True,-3.754637786507048,2.0
EZJ,EASYJET,Industrials,United Kingdom,2378158.66,0.023236762314775453,False,False,-3.762019671902681,2.0
BME,B&M EUROPEAN VALUE RETAIL PLC,Consumer Discretionary,United Kingdom,2371943.89,0.023176038387579194,False,False,-3.7646363621659593,2.0
FR,VALEO,Consumer Discretionary,France,2366159.04,0.02311951516785565,False,True,-3.767078205646297,2.0
GRF,GRIFOLS CLASS A,Health Care,Spain,2353806.23,0.022998817035002905,False,True,-3.772312497636466,2.0
AAK,AAK,Consumer Staples,Sweden,2341046.47,0.02287414263236504,False,True,-3.7777481490753133,2.0
INCH,INCHCAPE PLC,Consumer Discretionary,United Kingdom,2335936.32,0.022824211842237326,False,False,-3.7799333835578723,2.0
RAA,RATIONAL AG,Industrials,Germany,2335679.5,0.022821702478418145,False,True,-3.780043332667625,2.0
ARCAD,ARCADIS NV,Industrials,Netherlands,2332713.6,0.022792722951312332,False,True,-3.781313962769035,2.0
TCAP,TP ICAP GROUP PLC,Financials,United Kingdom,2313637.51,0.022606332288367552,True,False,-3.7895252221989377,
REY,REPLY,Information Technology,Italy,2311952.4,0.022589867238662145,False,True,-3.790253825515416,2.0
RUI,RUBIS,Utilities,France,2305150.96,0.022523411014636195,False,True,-3.793200021166425,2.0
PAF,PAN AFRICAN RESOURCES PLC,Materials,United Kingdom,2304255.88,0.022514665272998963,False,False,-3.7935883921834868,2.0
NOD,NORDIC SEMICONDUCTOR,Information Technology,Norway,2302811.28,0.02250055022365237,False,True,-3.7942155156862163,2.0
TUI1,TUI N AG,Consumer Discretionary,United Kingdom,2297350.19,0.02244719043212795,False,False,-3.7965898204149124,2.0
CWK,CRANSWICK PLC,Consumer Staples,United Kingdom,2295336.7,0.02242751681264237,False,False,-3.797466644887047,2.0
VEND,VEND MARKETPLACES ASA,Communication,Norway,2289287.6,0.022368411631275578,False,True,-3.8001055104142822,2.0
ACP,ASSECO POLAND SA,Information Technology,Poland,2285803.38,0.022334367648696053,False,True,-3.8016286367034957,2.0
HIK,HIKMA PHARMACEUTICALS PLC,Health Care,United Kingdom,2265241.02,0.022133454782793806,False,False,-3.810665024008494,2.0
ITV,ITV PLC,Communication,United Kingdom,2261612.69,0.022098002715096366,False,False,-3.812268049425003,2.0
ENT,ENTAIN PLC,Consumer Discretionary,United Kingdom,2257403.65,0.022056876585162977,False,False,-3.814130862435827,2.0
BC8,BECHTLE AG,Information Technology,Germany,2252818.26,0.022012073175137106,False,True,-3.816164195460825,2.0
HER,HERA,Utilities,Italy,2251194.75,0.021996210013178998,False,True,-3.816885112592596,2.0
FNTN,FREENET AG,Communication,Germany,2241995.02,0.02190632032542784,False,True,-3.8209800844618544,2.0
HILS,HILL AND SMITH PLC,Materials,United Kingdom,2240441.0,0.021891136143657394,False,False,-3.8216734663887033,2.0
KTY,GRUPA KETY,Materials,Poland,2238641.02,0.021873548710095937,False,True,-3.8224771936206934,2.0
BC,BRUNELLO CUCINELLI,Consumer Discretionary,Italy,2231512.0,0.02180389173301381,False,True,-3.825666805256849,2.0
R3NK,RENK GROUP AG,Industrials,Germany,2227544.76,0.02176512820790667,False,True,-3.8274462134412777,2.0
SCT,SOFTCAT PLC,Information Technology,United Kingdom,2222836.43,0.021719123562821505,False,False,-3.829562136350187,2.0
FLS,FLSMIDTH AND CO CLASS B,Industrials,Denmark,2220635.18,0.021697615358215256,False,True,-3.8305529158007032,2.0
BAMNB,BAM GROEP KONINKLIJKE NV,Industrials,Netherlands,2218202.16,0.021673842550959787,False,True,-3.831649157927772,2.0
BPT,BRIDGEPOINT GROUP PLC,Financials,United Kingdom,2206027.47,0.021554884811703624,True,False,-3.837152814721993,
SFZN,SIEGFRIED HOLDING AG,Health Care,Switzerland,2205704.73,0.021551731349827588,False,False,-3.8372991246002655,2.0
BELA,JUMBO,Consumer Discretionary,Greece,2189856.7,0.021396881754440447,False,True,-3.844510079980741,2.0
QQ.,QINETIQ GROUP PLC,Industrials,United Kingdom,2184925.23,0.02134869682961611,False,False,-3.846764579595899,2.0
SUN,SULZER AG,Industrials,Switzerland,2177169.22,0.021272913592815156,False,False,-3.850320677824553,2.0
COTN,COMET HOLDING AG,Information Technology,Switzerland,2175610.45,0.02125768299924601,False,False,-3.851036896050519,1.0
SUNN,SUNRISE N CLASS A LTD,Communication,Switzerland,2174870.67,0.02125045467915351,False,False,-3.851376987174569,1.0
VPK,KONINKLIJKE VOPAK,Energy,Netherlands,2167634.05,0.021179746352694602,False,True,-3.854709914674043,1.0
MTO,MITIE GROUP PLC,Industrials,United Kingdom,2157470.38,0.021080438098788696,False,False,-3.8594097728499466,1.0
HTO,HELLENIC TELECOMMUNICATIONS ORGANI,Communication,Greece,2157402.0,0.021079769964305575,False,True,-3.8594414678777405,1.0
ALLFG,ALLFUNDS GROUP PLC,Financials,Netherlands,2145423.0,0.020962724293446637,True,True,-3.8650094521430445,
ACX,ACERINOX,Materials,Spain,2141128.2,0.02092076021070142,False,True,-3.867013301501996,1.0
NEXI,NEXI,Financials,Italy,2117688.03,0.020691728536713805,True,True,-3.878021246165579,
PLUS,PLUS500,Financials,United Kingdom,2111320.19,0.020629508977090937,True,False,-3.881032753583546,
BOL,BOLLORE,Energy,France,2104965.59,0.020567418784250113,False,True,-3.884047067670927,1.0
TBCG,TBC BANK GROUP PLC,Financials,United Kingdom,2087764.03,0.020399343975833692,True,False,-3.8922525366964154,
FPE3,FUCHS PREF,Materials,Germany,2082780.0,0.020350645492243153,False,True,-3.8946426480760383,1.0
BALD B,FASTIGHETS BALDER CLASS B,Real Estate,Sweden,2082175.31,0.02034473712370557,False,True,-3.894933018540661,1.0
VONN,VONTOBEL HOLDING AG,Financials,Switzerland,2081491.32,0.020338053922402392,True,False,-3.895261570303775,
SBNOR,SPAREBANKEN NORGE,Financials,Norway,2074275.13,0.020267545215532406,True,True,-3.8987344301670737,
IVG,IVECO GROUP NV,Industrials,Italy,2065794.0,0.020184676900106086,False,True,-3.902831531735933,1.0
HUH1V,HUHTAMAKI,Materials,Finland,2048143.2,0.020012212610332567,False,True,-3.9114125612704713,1.0
AAF,AIRTEL AFRICA PLC,Communication,United Kingdom,2031325.68,0.019847890220267988,False,False,-3.919657563630304,1.0
BWY,BELLWAY PLC,Consumer Discretionary,United Kingdom,2024039.81,0.019776700676738392,False,False,-3.9232507676741926,1.0
DLG,DELONGHI,Consumer Discretionary,Italy,2021007.9,0.01974707617219428,False,True,-3.9247498405085057,1.0
VATN,VALIANT HOLDING AG,Financials,Switzerland,2007151.54,0.019611686995145865,True,False,-3.9316296151845798,
BKW,BKW N AG,Utilities,Switzerland,1981848.55,0.019364453883927314,False,False,-3.944316167604546,1.0
TGS,TGS NOPEC GEOPHYSICAL,Energy,Norway,1971800.46,0.01926627495121999,False,True,-3.949399123430155,1.0
VZN,VZ HOLDING AG,Financials,Switzerland,1963856.19,0.019188652243845875,True,False,-3.9534362036412305,
KGX,KION GROUP AG,Industrials,Germany,1960816.44,0.01915895113540665,False,True,-3.9549852503487695,1.0
CMBN,CEMBRA MONEY BANK AG,Financials,Switzerland,1950425.25,0.01905741980519773,True,False,-3.9602987621548955,
SFSN,SFS GROUP AG,Industrials,Switzerland,1940306.72,0.01895855260994301,False,False,-3.9655001242072685,1.0
MOBN,MOBIMO HOLDING AG,Real Estate,Switzerland,1936862.56,0.01892490004981733,False,False,-3.9672767610560675,1.0
UTG,UNITE GROUP PLC,Real Estate,United Kingdom,1934264.73,0.018899516899710686,False,False,-3.968618918105093,1.0
LATO B,LATOUR INVESTMENT CLASS B,Industrials,Sweden,1932172.52,0.0188790741145844,False,True,-3.9697011600083894,1.0
SWEC B,SWECO CLASS B,Industrials,Sweden,1926348.48,0.01882216797309435,False,True,-3.972719956289626,1.0
VSURE,VERISURE PLC,Industrials,Sweden,1914580.07,0.01870717995711697,False,True,-3.978847873887385,1.0
FDJU,FDJ UNITED,Consumer Discretionary,France,1887737.12,0.01844490004305211,False,True,-3.99296736713755,1.0
RBREW,ROYAL UNIBREW,Consumer Staples,Denmark,1882728.57,0.01839596197687125,False,True,-3.9956240962303156,1.0
SDF,K+S N AG,Materials,Germany,1871524.95,0.018286492470322404,False,True,-4.001592608052599,1.0
TOM,TOMRA SYSTEMS,Industrials,Norway,1863867.27,0.01821167000660898,False,True,-4.005692681231802,1.0
HOLM B,HOLMEN CLASS B,Materials,Sweden,1851039.84,0.01808633440683053,False,True,-4.012598631017768,1.0
DKSH,DKSH HOLDING AG,Industrials,Switzerland,1850689.78,0.018082914003830206,False,False,-4.012787764226824,1.0
PUIG,PUIG BRANDS SA CLASS B,Consumer Staples,Spain,1835358.56,0.01793311410985024,False,True,-4.021106324915019,1.0
PUM,PUMA,Consumer Discretionary,Germany,1830294.0,0.017883628775280967,False,True,-4.023869578191029,1.0
SHC,SHAFTESBURY CAPITAL PLC,Real Estate,United Kingdom,1823496.85,0.01781721446843742,False,False,-4.027590184060423,1.0
SCYR,SACYR,Industrials,Spain,1822254.91,0.017805079590695827,False,True,-4.028271492130636,1.0
XTB,XTB,Financials,Poland,1819398.88,0.017777173592921115,True,True,-4.029840027060233,
SOP,SOPRA STERIA GROUP,Information Technology,France,1791540.0,0.017504967123351145,False,True,-4.045270602706312,1.0
PHP,PRIMARY HEALTH PROPERTIES REIT PLC,Real Estate,United Kingdom,1772579.35,0.017319704413678257,False,False,-4.055910442178335,1.0
QLT,QUILTER PLC,Financials,United Kingdom,1768705.15,0.01728184997357126,True,False,-4.058098462680852,
COV,COVIVIO SA,Real Estate,France,1763937.86,0.01723526923592796,False,True,-4.060797457671559,1.0
ROCK B,ROCKWOOL CLASS B,Industrials,Denmark,1745055.97,0.017050776082731974,False,True,-4.07155955823973,1.0
AG1,AUTO1 GROUP,Consumer Discretionary,Germany,1731504.6,0.016918366933996044,False,True,-4.079355446365423,1.0
AXFO,AXFOOD,Consumer Staples,Sweden,1713975.62,0.016747092935868246,False,True,-4.089530591841227,1.0
TEG,TAG IMMOBILIEN AG,Real Estate,Germany,1705930.86,0.01666848835025182,False,True,-4.094235267179912,1.0
PNN,PENNON GROUP PLC,Utilities,United Kingdom,1688506.21,0.016498233750641484,False,False,-4.1045019492210395,1.0
HIAB,HIAB CORPORATION CLASS B,Industrials,Finland,1667694.15,0.016294881089763576,False,True,-4.116904264064217,1.0
FTK,FLATEXDEGIRO N,Financials,Germany,1652429.76,0.016145734185364,True,True,-4.126099401332991,
CSG,CSG CLASS A NV,Industrials,Netherlands,1612198.8,0.015752641297602156,False,True,-4.150747226335751,1.0
ZEAL,ZEALAND PHARMA,Health Care,Denmark,1597465.06,0.015608679323934808,False,True,-4.159928152522439,1.0
DLN,DERWENT LONDON REIT PLC,Real Estate,United Kingdom,1524470.09,0.014895452407416057,False,False,-4.206699320171998,1.0
HOC,HOCHSCHILD MINING PLC,Materials,United Kingdom,1405092.55,0.013729025806298282,False,False,-4.288243015375939,1.0
GBF,BILFINGER,Industrials,Germany,1330229.6,0.01299754703467885,False,True,-4.342994628964819,1.0
